sku,current_stock,snapshot_date
85123A,128,2026-03-07
71053,23,2026-03-07
84406B,25,2026-03-07
84029G,29,2026-03-07
84029E,152,2026-03-07
22752,20,2026-03-07
21730,22,2026-03-07
22633,60,2026-03-07
22632,73,2026-03-07
84879,71,2026-03-07
22745,18,2026-03-07
22748,18,2026-03-07
22749,19,2026-03-07
22310,20,2026-03-07
84969,17,2026-03-07
22623,15,2026-03-07
22622,18,2026-03-07
21754,20,2026-03-07
21755,19,2026-03-07
21777,17,2026-03-07
48187,16,2026-03-07
22960,31,2026-03-07
22913,15,2026-03-07
22912,15,2026-03-07
22914,16,2026-03-07
21756,17,2026-03-07
22728,24,2026-03-07
22727,26,2026-03-07
22726,27,2026-03-07
21724,18,2026-03-07
21883,21,2026-03-07
10002,30,2026-03-07
21791,25,2026-03-07
21035,21,2026-03-07
22326,23,2026-03-07
22629,21,2026-03-07
22659,21,2026-03-07
22631,21,2026-03-07
22661,20,2026-03-07
21731,135,2026-03-07
22900,26,2026-03-07
21913,18,2026-03-07
22540,33,2026-03-07
22544,27,2026-03-07
22492,42,2026-03-07
POST,16,2026-03-07
22086,83,2026-03-07
20679,24,2026-03-07
37370,22,2026-03-07
21871,23,2026-03-07
21071,27,2026-03-07
21068,21,2026-03-07
82483,17,2026-03-07
82486,19,2026-03-07
82482,21,2026-03-07
82494L,24,2026-03-07
21258,24,2026-03-07
22114,38,2026-03-07
21733,35,2026-03-07
22386,26,2026-03-07
85099C,50,2026-03-07
21033,18,2026-03-07
20723,18,2026-03-07
84997B,21,2026-03-07
84997C,19,2026-03-07
21094,42,2026-03-07
20725,34,2026-03-07
21559,17,2026-03-07
22352,16,2026-03-07
21212,75,2026-03-07
21975,30,2026-03-07
21977,45,2026-03-07
84991,34,2026-03-07
84519A,16,2026-03-07
85183B,27,2026-03-07
85071B,39,2026-03-07
21931,28,2026-03-07
21929,22,2026-03-07
22961,52,2026-03-07
22139,20,2026-03-07
84854,16,2026-03-07
22411,35,2026-03-07
82567,15,2026-03-07
21672,19,2026-03-07
22774,30,2026-03-07
22771,32,2026-03-07
71270,16,2026-03-07
22262,16,2026-03-07
22637,23,2026-03-07
21934,17,2026-03-07
21169,16,2026-03-07
21166,21,2026-03-07
21175,16,2026-03-07
37444A,15,2026-03-07
37444C,15,2026-03-07
22083,16,2026-03-07
84971S,17,2026-03-07
47580,15,2026-03-07
22261,15,2026-03-07
84832,16,2026-03-07
22644,18,2026-03-07
21533,18,2026-03-07
21557,15,2026-03-07
15056BL,20,2026-03-07
15056N,27,2026-03-07
22646,61,2026-03-07
22176,15,2026-03-07
22438,15,2026-03-07
22778,15,2026-03-07
22719,24,2026-03-07
21523,21,2026-03-07
21912,17,2026-03-07
21832,21,2026-03-07
22379,25,2026-03-07
22381,27,2026-03-07
22798,21,2026-03-07
22926,19,2026-03-07
22839,16,2026-03-07
22838,15,2026-03-07
22783,16,2026-03-07
82484,16,2026-03-07
84755,32,2026-03-07
22464,21,2026-03-07
21324,17,2026-03-07
22457,24,2026-03-07
22469,42,2026-03-07
22470,26,2026-03-07
22224,16,2026-03-07
21340,16,2026-03-07
22189,34,2026-03-07
22427,16,2026-03-07
22428,17,2026-03-07
22424,17,2026-03-07
22663,19,2026-03-07
85049A,19,2026-03-07
22168,15,2026-03-07
22662,19,2026-03-07
84880,24,2026-03-07
85099B,154,2026-03-07
79321,83,2026-03-07
22780,65,2026-03-07
22779,65,2026-03-07
22466,130,2026-03-07
21363,16,2026-03-07
21411,16,2026-03-07
22318,18,2026-03-07
22915,21,2026-03-07
22922,18,2026-03-07
22969,62,2026-03-07
22923,18,2026-03-07
21115,16,2026-03-07
22242,22,2026-03-07
22941,20,2026-03-07
21622,19,2026-03-07
35004C,58,2026-03-07
35004G,16,2026-03-07
85014B,17,2026-03-07
85014A,16,2026-03-07
22193,16,2026-03-07
22192,16,2026-03-07
22191,16,2026-03-07
22195,23,2026-03-07
22196,21,2026-03-07
22962,34,2026-03-07
22963,33,2026-03-07
22968,20,2026-03-07
84970S,51,2026-03-07
22910,52,2026-03-07
20668,101,2026-03-07
22197,81,2026-03-07
22198,41,2026-03-07
21080,48,2026-03-07
21086,27,2026-03-07
21786,59,2026-03-07
22654,25,2026-03-07
21485,30,2026-03-07
84030E,22,2026-03-07
22174,29,2026-03-07
22150,19,2026-03-07
22619,21,2026-03-07
21891,25,2026-03-07
21889,28,2026-03-07
22827,15,2026-03-07
22127,18,2026-03-07
22128,19,2026-03-07
22502,16,2026-03-07
22338,21,2026-03-07
22180,17,2026-03-07
21506,30,2026-03-07
22866,89,2026-03-07
22865,76,2026-03-07
22349,18,2026-03-07
22558,34,2026-03-07
85152,24,2026-03-07
22652,23,2026-03-07
22188,26,2026-03-07
21484,23,2026-03-07
21314,34,2026-03-07
22730,19,2026-03-07
22729,19,2026-03-07
22867,72,2026-03-07
22803,16,2026-03-07
35004B,18,2026-03-07
21980,36,2026-03-07
21844,17,2026-03-07
22468,17,2026-03-07
48185,16,2026-03-07
21232,152,2026-03-07
22064,18,2026-03-07
22449,20,2026-03-07
22835,26,2026-03-07
22112,21,2026-03-07
21479,25,2026-03-07
22111,27,2026-03-07
22110,17,2026-03-07
22098,15,2026-03-07
22100,16,2026-03-07
22766,17,2026-03-07
22451,18,2026-03-07
22549,18,2026-03-07
84744,15,2026-03-07
85049E,24,2026-03-07
21328,16,2026-03-07
17091A,15,2026-03-07
22473,15,2026-03-07
84509A,16,2026-03-07
84510A,16,2026-03-07
22767,16,2026-03-07
22768,18,2026-03-07
21463,15,2026-03-07
21464,15,2026-03-07
20820,15,2026-03-07
85150,18,2026-03-07
22117,15,2026-03-07
48129,18,2026-03-07
82580,16,2026-03-07
82578,15,2026-03-07
82581,15,2026-03-07
22413,16,2026-03-07
21907,15,2026-03-07
22441,15,2026-03-07
21122,16,2026-03-07
22851,15,2026-03-07
22810,15,2026-03-07
22809,17,2026-03-07
22435,15,2026-03-07
20966,17,2026-03-07
20963,15,2026-03-07
20961,16,2026-03-07
22068,15,2026-03-07
21743,18,2026-03-07
21744,15,2026-03-07
84709B,15,2026-03-07
21592,16,2026-03-07
21587,20,2026-03-07
20992,17,2026-03-07
22804,17,2026-03-07
20749,16,2026-03-07
22382,18,2026-03-07
20726,15,2026-03-07
22384,15,2026-03-07
22467,17,2026-03-07
84625C,19,2026-03-07
84625A,16,2026-03-07
21108,25,2026-03-07
22848,17,2026-03-07
47570B,15,2026-03-07
22837,36,2026-03-07
22297,21,2026-03-07
22772,23,2026-03-07
22773,21,2026-03-07
22805,21,2026-03-07
21125,18,2026-03-07
21126,18,2026-03-07
85049C,18,2026-03-07
85049D,18,2026-03-07
85049G,18,2026-03-07
21061,18,2026-03-07
21063,18,2026-03-07
21062,18,2026-03-07
84380,19,2026-03-07
84378,18,2026-03-07
22964,20,2026-03-07
21213,27,2026-03-07
22417,21,2026-03-07
84992,33,2026-03-07
22383,23,2026-03-07
20728,20,2026-03-07
20727,51,2026-03-07
22296,21,2026-03-07
20914,49,2026-03-07
22537,21,2026-03-07
22533,21,2026-03-07
20982,18,2026-03-07
21915,40,2026-03-07
21914,19,2026-03-07
21544,18,2026-03-07
22813,20,2026-03-07
84375,25,2026-03-07
22418,51,2026-03-07
22178,32,2026-03-07
84970L,25,2026-03-07
22465,18,2026-03-07
84949,19,2026-03-07
20685,22,2026-03-07
48194,16,2026-03-07
22488,18,2026-03-07
22219,24,2026-03-07
22610,24,2026-03-07
22716,21,2026-03-07
22706,21,2026-03-07
22371,17,2026-03-07
21210,18,2026-03-07
22553,25,2026-03-07
16237,32,2026-03-07
22714,18,2026-03-07
22812,22,2026-03-07
84347,23,2026-03-07
22736,18,2026-03-07
22620,21,2026-03-07
21705,18,2026-03-07
90199C,16,2026-03-07
22785,16,2026-03-07
22975,19,2026-03-07
22972,18,2026-03-07
22568,17,2026-03-07
85116,17,2026-03-07
22664,17,2026-03-07
21609,16,2026-03-07
21866,15,2026-03-07
20669,15,2026-03-07
90129F,15,2026-03-07
90210B,15,2026-03-07
21955,15,2026-03-07
72802C,15,2026-03-07
22109,15,2026-03-07
22531,30,2026-03-07
21811,19,2026-03-07
22183,17,2026-03-07
21678,16,2026-03-07
21676,16,2026-03-07
85169B,24,2026-03-07
16238,23,2026-03-07
84906,15,2026-03-07
21867,15,2026-03-07
22075,15,2026-03-07
21326,60,2026-03-07
21065,15,2026-03-07
22074,15,2026-03-07
20713,25,2026-03-07
21116,15,2026-03-07
21824,15,2026-03-07
21823,17,2026-03-07
22153,16,2026-03-07
85099F,23,2026-03-07
20717,15,2026-03-07
22328,15,2026-03-07
22327,15,2026-03-07
22630,15,2026-03-07
21245,15,2026-03-07
21244,15,2026-03-07
21242,15,2026-03-07
21243,15,2026-03-07
22273,16,2026-03-07
22940,18,2026-03-07
22759,18,2026-03-07
21880,17,2026-03-07
21738,17,2026-03-07
22077,20,2026-03-07
21448,17,2026-03-07
22243,20,2026-03-07
22141,17,2026-03-07
22144,18,2026-03-07
21739,15,2026-03-07
22271,15,2026-03-07
22274,17,2026-03-07
22751,15,2026-03-07
21034,16,2026-03-07
22570,16,2026-03-07
22569,17,2026-03-07
22902,18,2026-03-07
21710,15,2026-03-07
21708,15,2026-03-07
21711,15,2026-03-07
22179,15,2026-03-07
21706,16,2026-03-07
85184C,15,2026-03-07
22988,22,2026-03-07
20750,18,2026-03-07
22952,26,2026-03-07
22739,19,2026-03-07
22738,18,2026-03-07
22909,21,2026-03-07
35591T,15,2026-03-07
22186,16,2026-03-07
22695,19,2026-03-07
22580,15,2026-03-07
22147,29,2026-03-07
22130,23,2026-03-07
22694,19,2026-03-07
21790,25,2026-03-07
22149,19,2026-03-07
22321,18,2026-03-07
22594,22,2026-03-07
22593,58,2026-03-07
22595,58,2026-03-07
21986,24,2026-03-07
22750,16,2026-03-07
22616,25,2026-03-07
22775,16,2026-03-07
22899,18,2026-03-07
22367,16,2026-03-07
22942,15,2026-03-07
21976,15,2026-03-07
22951,16,2026-03-07
22834,25,2026-03-07
21916,16,2026-03-07
22587,16,2026-03-07
22566,16,2026-03-07
22565,16,2026-03-07
22472,16,2026-03-07
22557,29,2026-03-07
22551,25,2026-03-07
22554,24,2026-03-07
22534,28,2026-03-07
22529,15,2026-03-07
22530,29,2026-03-07
84032B,17,2026-03-07
85049H,15,2026-03-07
22807,21,2026-03-07
21494,18,2026-03-07
22938,20,2026-03-07
21892,19,2026-03-07
21890,17,2026-03-07
21718,18,2026-03-07
21716,17,2026-03-07
21715,17,2026-03-07
22113,31,2026-03-07
22358,16,2026-03-07
22357,16,2026-03-07
22115,17,2026-03-07
21481,20,2026-03-07
22585,21,2026-03-07
21556,16,2026-03-07
22645,21,2026-03-07
22650,21,2026-03-07
22508,17,2026-03-07
22511,16,2026-03-07
22829,15,2026-03-07
21154,65,2026-03-07
17021,165,2026-03-07
22059,27,2026-03-07
84678,27,2026-03-07
85172,27,2026-03-07
22142,15,2026-03-07
21591,17,2026-03-07
22480,18,2026-03-07
22294,41,2026-03-07
21156,53,2026-03-07
10133,16,2026-03-07
72800E,16,2026-03-07
84836,21,2026-03-07
20774,15,2026-03-07
20773,15,2026-03-07
20777,15,2026-03-07
16016,17,2026-03-07
16014,17,2026-03-07
21651,18,2026-03-07
22618,15,2026-03-07
21586,19,2026-03-07
22152,24,2026-03-07
84754,24,2026-03-07
22670,18,2026-03-07
84849B,18,2026-03-07
22927,15,2026-03-07
22925,15,2026-03-07
21259,17,2026-03-07
21257,16,2026-03-07
21121,23,2026-03-07
82552,18,2026-03-07
90200B,15,2026-03-07
90059B,15,2026-03-07
90185C,15,2026-03-07
90059E,15,2026-03-07
90059C,15,2026-03-07
90200C,15,2026-03-07
90200D,15,2026-03-07
90200A,15,2026-03-07
22737,16,2026-03-07
21260,18,2026-03-07
22744,18,2026-03-07
21985,19,2026-03-07
22295,15,2026-03-07
16258A,15,2026-03-07
21992,20,2026-03-07
21124,16,2026-03-07
22735,16,2026-03-07
22945,21,2026-03-07
21816,15,2026-03-07
21815,16,2026-03-07
21814,17,2026-03-07
10125,15,2026-03-07
22573,25,2026-03-07
22577,21,2026-03-07
22603,19,2026-03-07
20878,15,2026-03-07
20866,15,2026-03-07
85095,15,2026-03-07
22333,17,2026-03-07
21584,18,2026-03-07
22731,16,2026-03-07
22956,19,2026-03-07
22582,16,2026-03-07
85231B,17,2026-03-07
85231G,16,2026-03-07
22082,19,2026-03-07
22500,15,2026-03-07
22742,15,2026-03-07
21329,15,2026-03-07
21327,15,2026-03-07
48173C,15,2026-03-07
72818,15,2026-03-07
22312,15,2026-03-07
21137,150,2026-03-07
22041,70,2026-03-07
20979,19,2026-03-07
20977,19,2026-03-07
22571,40,2026-03-07
22423,43,2026-03-07
21621,15,2026-03-07
47563A,15,2026-03-07
84558A,15,2026-03-07
21577,15,2026-03-07
22087,15,2026-03-07
22651,16,2026-03-07
22713,25,2026-03-07
21370,15,2026-03-07
21367,15,2026-03-07
22376,16,2026-03-07
21895,15,2026-03-07
22372,15,2026-03-07
21190,15,2026-03-07
21894,16,2026-03-07
70007,17,2026-03-07
46000M,17,2026-03-07
22712,18,2026-03-07
22983,18,2026-03-07
22024,18,2026-03-07
21488,16,2026-03-07
22895,17,2026-03-07
22784,15,2026-03-07
21441,18,2026-03-07
84947,33,2026-03-07
22485,16,2026-03-07
21794,15,2026-03-07
20707,15,2026-03-07
22588,17,2026-03-07
21292,19,2026-03-07
22760,15,2026-03-07
22107,16,2026-03-07
21486,17,2026-03-07
22151,19,2026-03-07
22643,16,2026-03-07
22642,16,2026-03-07
22604,15,2026-03-07
22099,15,2026-03-07
22653,15,2026-03-07
22906,17,2026-03-07
22754,15,2026-03-07
22919,16,2026-03-07
22917,15,2026-03-07
22920,16,2026-03-07
22921,16,2026-03-07
22918,16,2026-03-07
22916,15,2026-03-07
22575,15,2026-03-07
21804,16,2026-03-07
21588,15,2026-03-07
22955,15,2026-03-07
22583,17,2026-03-07
22241,15,2026-03-07
22904,16,2026-03-07
22905,15,2026-03-07
22092,18,2026-03-07
22096,15,2026-03-07
21358,15,2026-03-07
21123,15,2026-03-07
21427,15,2026-03-07
21930,20,2026-03-07
20772,15,2026-03-07
71406C,18,2026-03-07
84985A,15,2026-03-07
20754,17,2026-03-07
84596E,15,2026-03-07
21111,17,2026-03-07
22501,15,2026-03-07
22854,15,2026-03-07
84997D,18,2026-03-07
47599A,15,2026-03-07
47599B,15,2026-03-07
20972,19,2026-03-07
21041,16,2026-03-07
21664,16,2026-03-07
22907,15,2026-03-07
22776,15,2026-03-07
21810,20,2026-03-07
21197,15,2026-03-07
85035B,15,2026-03-07
84968C,15,2026-03-07
21098,30,2026-03-07
21192,16,2026-03-07
72800B,15,2026-03-07
84563A,15,2026-03-07
47504H,15,2026-03-07
21742,15,2026-03-07
22481,16,2026-03-07
22943,17,2026-03-07
22699,19,2026-03-07
22217,18,2026-03-07
22227,21,2026-03-07
21106,16,2026-03-07
21107,46,2026-03-07
22697,18,2026-03-07
21826,15,2026-03-07
22548,18,2026-03-07
17164B,15,2026-03-07
22429,15,2026-03-07
20974,18,2026-03-07
20973,19,2026-03-07
15044B,15,2026-03-07
21135,19,2026-03-07
22173,21,2026-03-07
22626,15,2026-03-07
22625,17,2026-03-07
22624,16,2026-03-07
84945,18,2026-03-07
22244,18,2026-03-07
47421,21,2026-03-07
20712,22,2026-03-07
22973,18,2026-03-07
84569B,18,2026-03-07
22815,18,2026-03-07
85114B,18,2026-03-07
22584,16,2026-03-07
22454,15,2026-03-07
85114C,15,2026-03-07
22974,19,2026-03-07
21452,18,2026-03-07
22743,17,2026-03-07
22911,15,2026-03-07
22453,15,2026-03-07
22445,16,2026-03-07
22607,15,2026-03-07
22635,16,2026-03-07
22634,15,2026-03-07
22222,16,2026-03-07
22947,15,2026-03-07
22187,17,2026-03-07
22164,16,2026-03-07
72598,18,2026-03-07
22627,15,2026-03-07
22487,16,2026-03-07
22360,16,2026-03-07
22364,15,2026-03-07
21657,15,2026-03-07
22120,15,2026-03-07
21038,15,2026-03-07
21625,16,2026-03-07
22097,15,2026-03-07
21179,15,2026-03-07
22185,16,2026-03-07
21662,15,2026-03-07
85104,17,2026-03-07
21654,16,2026-03-07
21658,15,2026-03-07
21519,21,2026-03-07
22819,21,2026-03-07
22704,21,2026-03-07
21498,27,2026-03-07
22049,21,2026-03-07
21497,21,2026-03-07
21333,18,2026-03-07
22194,15,2026-03-07
22688,16,2026-03-07
84692,28,2026-03-07
22444,45,2026-03-07
22556,21,2026-03-07
22555,24,2026-03-07
22547,21,2026-03-07
22543,21,2026-03-07
22539,22,2026-03-07
22561,21,2026-03-07
22489,21,2026-03-07
22814,19,2026-03-07
21520,18,2026-03-07
21982,33,2026-03-07
21981,27,2026-03-07
21967,27,2026-03-07
21983,27,2026-03-07
22615,27,2026-03-07
22614,27,2026-03-07
22095,99,2026-03-07
22094,18,2026-03-07
21984,27,2026-03-07
22966,24,2026-03-07
21874,21,2026-03-07
21873,21,2026-03-07
21870,21,2026-03-07
84050,75,2026-03-07
22315,18,2026-03-07
22667,21,2026-03-07
22666,22,2026-03-07
22665,20,2026-03-07
22567,21,2026-03-07
82600,21,2026-03-07
22842,16,2026-03-07
22494,21,2026-03-07
22740,30,2026-03-07
22825,15,2026-03-07
22680,20,2026-03-07
22797,15,2026-03-07
21843,15,2026-03-07
22118,15,2026-03-07
22121,17,2026-03-07
22119,16,2026-03-07
22311,17,2026-03-07
72817,18,2026-03-07
22277,24,2026-03-07
20867,24,2026-03-07
21688,18,2026-03-07
21694,18,2026-03-07
22800,18,2026-03-07
22801,17,2026-03-07
22781,15,2026-03-07
21466,15,2026-03-07
21467,15,2026-03-07
21471,15,2026-03-07
21469,15,2026-03-07
21524,16,2026-03-07
22791,37,2026-03-07
21690,16,2026-03-07
37343,16,2026-03-07
22088,15,2026-03-07
21143,15,2026-03-07
84944,15,2026-03-07
22601,18,2026-03-07
22600,18,2026-03-07
22574,23,2026-03-07
85199L,17,2026-03-07
85199S,38,2026-03-07
72741,29,2026-03-07
37495,16,2026-03-07
22171,15,2026-03-07
85067,15,2026-03-07
48184,15,2026-03-07
48138,15,2026-03-07
85019A,16,2026-03-07
85019C,15,2026-03-07
20902,15,2026-03-07
21429,19,2026-03-07
85071A,16,2026-03-07
85071C,16,2026-03-07
22355,31,2026-03-07
21579,16,2026-03-07
21576,16,2026-03-07
22493,21,2026-03-07
21833,18,2026-03-07
85135B,16,2026-03-07
85136A,16,2026-03-07
85136C,15,2026-03-07
21055,16,2026-03-07
21056,16,2026-03-07
C2,15,2026-03-07
21928,20,2026-03-07
20711,20,2026-03-07
21773,16,2026-03-07
21774,16,2026-03-07
21787,15,2026-03-07
21801,20,2026-03-07
21802,21,2026-03-07
21803,20,2026-03-07
21809,16,2026-03-07
21821,15,2026-03-07
21822,15,2026-03-07
21851,16,2026-03-07
21879,15,2026-03-07
21884,15,2026-03-07
21888,15,2026-03-07
21911,15,2026-03-07
21922,16,2026-03-07
21935,16,2026-03-07
21942,16,2026-03-07
21944,15,2026-03-07
21949,15,2026-03-07
21990,16,2026-03-07
21991,15,2026-03-07
21993,17,2026-03-07
22037,15,2026-03-07
22043,15,2026-03-07
22065,18,2026-03-07
22067,15,2026-03-07
22069,15,2026-03-07
22071,15,2026-03-07
22076,15,2026-03-07
22080,15,2026-03-07
22081,16,2026-03-07
22090,15,2026-03-07
22134,16,2026-03-07
22135,17,2026-03-07
22154,15,2026-03-07
22155,15,2026-03-07
22156,15,2026-03-07
22161,19,2026-03-07
22162,16,2026-03-07
22169,15,2026-03-07
22182,15,2026-03-07
22190,16,2026-03-07
22203,15,2026-03-07
22207,15,2026-03-07
22265,15,2026-03-07
22276,15,2026-03-07
22299,15,2026-03-07
22300,15,2026-03-07
22301,16,2026-03-07
22309,15,2026-03-07
22314,17,2026-03-07
22335,16,2026-03-07
22336,22,2026-03-07
22345,15,2026-03-07
22348,16,2026-03-07
22356,18,2026-03-07
22359,15,2026-03-07
22361,15,2026-03-07
22375,15,2026-03-07
22378,15,2026-03-07
22380,15,2026-03-07
22394,15,2026-03-07
22396,15,2026-03-07
22419,17,2026-03-07
22422,16,2026-03-07
22430,15,2026-03-07
22432,15,2026-03-07
22437,15,2026-03-07
22471,15,2026-03-07
22476,15,2026-03-07
22477,15,2026-03-07
22478,15,2026-03-07
22479,15,2026-03-07
22497,15,2026-03-07
22515,15,2026-03-07
22517,15,2026-03-07
22519,16,2026-03-07
22545,15,2026-03-07
22550,15,2026-03-07
22560,15,2026-03-07
22589,17,2026-03-07
22605,15,2026-03-07
22639,15,2026-03-07
22669,16,2026-03-07
22675,15,2026-03-07
22734,16,2026-03-07
22741,17,2026-03-07
22755,18,2026-03-07
22757,15,2026-03-07
22758,16,2026-03-07
22769,15,2026-03-07
22792,16,2026-03-07
22816,19,2026-03-07
22818,19,2026-03-07
22822,15,2026-03-07
22844,16,2026-03-07
22847,16,2026-03-07
22862,16,2026-03-07
22876,15,2026-03-07
22928,15,2026-03-07
22948,16,2026-03-07
22949,15,2026-03-07
22976,21,2026-03-07
35095A,15,2026-03-07
35095B,15,2026-03-07
35471D,15,2026-03-07
35598D,21,2026-03-07
35599D,15,2026-03-07
35610A,15,2026-03-07
35818P,15,2026-03-07
35957,28,2026-03-07
35961,19,2026-03-07
35971,15,2026-03-07
37449,17,2026-03-07
37476,15,2026-03-07
47559B,15,2026-03-07
47591B,21,2026-03-07
47591D,16,2026-03-07
47593B,16,2026-03-07
48188,15,2026-03-07
71459,17,2026-03-07
72586,15,2026-03-07
72799E,15,2026-03-07
72799F,15,2026-03-07
72807A,15,2026-03-07
72807B,15,2026-03-07
72807C,15,2026-03-07
72816,19,2026-03-07
79030D,15,2026-03-07
79030G,15,2026-03-07
82551,15,2026-03-07
82583,15,2026-03-07
82613B,15,2026-03-07
82613C,15,2026-03-07
82613D,16,2026-03-07
84031A,17,2026-03-07
84031B,15,2026-03-07
84032A,20,2026-03-07
84086C,15,2026-03-07
84279P,15,2026-03-07
85015,15,2026-03-07
85016,15,2026-03-07
85017A,15,2026-03-07
85017B,15,2026-03-07
85032D,18,2026-03-07
85039A,15,2026-03-07
85048,16,2026-03-07
85064,16,2026-03-07
85127,15,2026-03-07
85129D,15,2026-03-07
85131B,15,2026-03-07
85132A,15,2026-03-07
85135C,15,2026-03-07
85176,16,2026-03-07
85177,15,2026-03-07
85178,15,2026-03-07
85186A,15,2026-03-07
85232B,16,2026-03-07
90003C,15,2026-03-07
90018A,15,2026-03-07
90022,15,2026-03-07
90071,15,2026-03-07
90099,15,2026-03-07
90116,15,2026-03-07
90120C,15,2026-03-07
90129A,15,2026-03-07
90129B,15,2026-03-07
90161A,15,2026-03-07
90190C,15,2026-03-07
90194,15,2026-03-07
90209B,15,2026-03-07
90214D,15,2026-03-07
90214G,15,2026-03-07
90214H,15,2026-03-07
90214J,15,2026-03-07
90214R,15,2026-03-07
DOT,15,2026-03-07
84534B,15,2026-03-07
84535B,15,2026-03-07
84536A,16,2026-03-07
84536B,16,2026-03-07
84580,15,2026-03-07
84581,15,2026-03-07
84598,15,2026-03-07
84912B,15,2026-03-07
84913A,15,2026-03-07
84913B,16,2026-03-07
84923,15,2026-03-07
84946,29,2026-03-07
84988,16,2026-03-07
20856,16,2026-03-07
20854,16,2026-03-07
21218,15,2026-03-07
22845,15,2026-03-07
11001,15,2026-03-07
16236,15,2026-03-07
17003,24,2026-03-07
17011F,15,2026-03-07
17012A,16,2026-03-07
17012B,15,2026-03-07
17012C,15,2026-03-07
17012D,15,2026-03-07
17012E,15,2026-03-07
17012F,15,2026-03-07
17129F,15,2026-03-07
18098C,15,2026-03-07
20622,15,2026-03-07
20658,15,2026-03-07
20662,15,2026-03-07
20676,15,2026-03-07
20684,15,2026-03-07
20719,15,2026-03-07
20724,16,2026-03-07
20733,16,2026-03-07
20735,16,2026-03-07
20770,16,2026-03-07
20835,15,2026-03-07
20839,15,2026-03-07
20840,15,2026-03-07
20956,15,2026-03-07
20969,15,2026-03-07
20971,51,2026-03-07
20975,19,2026-03-07
20981,15,2026-03-07
20996,15,2026-03-07
21000,15,2026-03-07
21012,17,2026-03-07
21069,15,2026-03-07
21070,15,2026-03-07
21147,16,2026-03-07
21158,15,2026-03-07
21165,16,2026-03-07
21174,16,2026-03-07
21189,16,2026-03-07
21191,18,2026-03-07
21195,16,2026-03-07
21207,15,2026-03-07
21216,15,2026-03-07
21217,15,2026-03-07
21231,24,2026-03-07
21238,16,2026-03-07
21249,15,2026-03-07
21262,15,2026-03-07
21313,17,2026-03-07
21349,16,2026-03-07
21352,17,2026-03-07
21354,18,2026-03-07
21365,16,2026-03-07
21366,15,2026-03-07
21369,15,2026-03-07
21372,15,2026-03-07
21385,15,2026-03-07
21407,15,2026-03-07
21408,15,2026-03-07
21507,15,2026-03-07
21563,15,2026-03-07
21564,15,2026-03-07
21634,15,2026-03-07
21641,15,2026-03-07
21679,15,2026-03-07
21703,15,2026-03-07
21704,15,2026-03-07
21721,15,2026-03-07
21722,15,2026-03-07
21758,15,2026-03-07
79144B,15,2026-03-07
22482,15,2026-03-07
21917,15,2026-03-07
20697,15,2026-03-07
22599,18,2026-03-07
22597,18,2026-03-07
21495,21,2026-03-07
46000R,15,2026-03-07
46000S,15,2026-03-07
84920,15,2026-03-07
22953,24,2026-03-07
84508A,15,2026-03-07
21670,16,2026-03-07
22786,15,2026-03-07
22212,15,2026-03-07
22678,16,2026-03-07
22686,15,2026-03-07
84685,15,2026-03-07
20616,15,2026-03-07
22753,17,2026-03-07
79066K,15,2026-03-07
22794,16,2026-03-07
22592,15,2026-03-07
84352,15,2026-03-07
22795,16,2026-03-07
22278,15,2026-03-07
22802,16,2026-03-07
84884A,17,2026-03-07
51014C,27,2026-03-07
51014L,21,2026-03-07
51014A,18,2026-03-07
22366,18,2026-03-07
48111,17,2026-03-07
22846,18,2026-03-07
22402,18,2026-03-07
22400,18,2026-03-07
22399,18,2026-03-07
79302M,16,2026-03-07
37446,19,2026-03-07
84509B,16,2026-03-07
22313,16,2026-03-07
21181,18,2026-03-07
21818,24,2026-03-07
21668,19,2026-03-07
21462,15,2026-03-07
22496,15,2026-03-07
84870C,15,2026-03-07
84870B,15,2026-03-07
22765,15,2026-03-07
21351,15,2026-03-07
22581,16,2026-03-07
22579,21,2026-03-07
22572,15,2026-03-07
22640,15,2026-03-07
22641,15,2026-03-07
22638,15,2026-03-07
22576,15,2026-03-07
21817,18,2026-03-07
21813,15,2026-03-07
21808,15,2026-03-07
21014,15,2026-03-07
21018,15,2026-03-07
22946,15,2026-03-07
M,15,2026-03-07
22660,15,2026-03-07
21761,15,2026-03-07
21781,15,2026-03-07
22696,18,2026-03-07
84360,15,2026-03-07
35954,27,2026-03-07
84760S,18,2026-03-07
85045,16,2026-03-07
35598B,21,2026-03-07
22578,21,2026-03-07
22855,18,2026-03-07
21864,33,2026-03-07
15056P,27,2026-03-07
85174,19,2026-03-07
82615,24,2026-03-07
85038,33,2026-03-07
22965,16,2026-03-07
21374,16,2026-03-07
21509,18,2026-03-07
22025,18,2026-03-07
22725,16,2026-03-07
37448,18,2026-03-07
22421,18,2026-03-07
84997A,16,2026-03-07
21136,17,2026-03-07
71477,16,2026-03-07
22030,18,2026-03-07
90214M,15,2026-03-07
90214V,15,2026-03-07
90214S,15,2026-03-07
21789,15,2026-03-07
21629,15,2026-03-07
21850,15,2026-03-07
20978,15,2026-03-07
20768,15,2026-03-07
20780,15,2026-03-07
21398,15,2026-03-07
21643,15,2026-03-07
21620,15,2026-03-07
22260,16,2026-03-07
22136,15,2026-03-07
10135,15,2026-03-07
16168M,15,2026-03-07
17014A,15,2026-03-07
17084N,15,2026-03-07
17084P,15,2026-03-07
20617,15,2026-03-07
20619,15,2026-03-07
20653,15,2026-03-07
20681,15,2026-03-07
20682,15,2026-03-07
20696,15,2026-03-07
20699,15,2026-03-07
20700,15,2026-03-07
20718,15,2026-03-07
20752,15,2026-03-07
20761,15,2026-03-07
20846,15,2026-03-07
20931,15,2026-03-07
21002,15,2026-03-07
21015,15,2026-03-07
21067,15,2026-03-07
21109,15,2026-03-07
21110,15,2026-03-07
21128,15,2026-03-07
21164,15,2026-03-07
21188,15,2026-03-07
21208,15,2026-03-07
21220,15,2026-03-07
21272,15,2026-03-07
21279,15,2026-03-07
21281,15,2026-03-07
21288,15,2026-03-07
21356,15,2026-03-07
21439,15,2026-03-07
21447,15,2026-03-07
21537,15,2026-03-07
21547,15,2026-03-07
21594,15,2026-03-07
21638,15,2026-03-07
21648,15,2026-03-07
21656,15,2026-03-07
21671,15,2026-03-07
21684,15,2026-03-07
21698,15,2026-03-07
21700,15,2026-03-07
21745,15,2026-03-07
21775,15,2026-03-07
21820,15,2026-03-07
21830,15,2026-03-07
21846,16,2026-03-07
21868,15,2026-03-07
21875,15,2026-03-07
21896,15,2026-03-07
21899,15,2026-03-07
21906,15,2026-03-07
21908,15,2026-03-07
21974,16,2026-03-07
22078,15,2026-03-07
22084,15,2026-03-07
22091,15,2026-03-07
22124,15,2026-03-07
22165,16,2026-03-07
22184,15,2026-03-07
22208,15,2026-03-07
22245,15,2026-03-07
22246,15,2026-03-07
22283,15,2026-03-07
22304,15,2026-03-07
22308,15,2026-03-07
22317,15,2026-03-07
22324,15,2026-03-07
22325,15,2026-03-07
22331,15,2026-03-07
22342,15,2026-03-07
22350,15,2026-03-07
22393,15,2026-03-07
22405,15,2026-03-07
22409,15,2026-03-07
22420,15,2026-03-07
22425,15,2026-03-07
22458,15,2026-03-07
22459,15,2026-03-07
22499,15,2026-03-07
22503,15,2026-03-07
22536,15,2026-03-07
22586,15,2026-03-07
22602,15,2026-03-07
22649,15,2026-03-07
22668,15,2026-03-07
22673,15,2026-03-07
22692,15,2026-03-07
22746,15,2026-03-07
22747,15,2026-03-07
22756,15,2026-03-07
22788,15,2026-03-07
22831,15,2026-03-07
22841,15,2026-03-07
22863,15,2026-03-07
22870,15,2026-03-07
22890,15,2026-03-07
22897,15,2026-03-07
22898,15,2026-03-07
22944,15,2026-03-07
22977,15,2026-03-07
35637A,15,2026-03-07
35916B,15,2026-03-07
35916C,15,2026-03-07
35964,15,2026-03-07
35965,16,2026-03-07
35967,15,2026-03-07
37450,15,2026-03-07
37491A,15,2026-03-07
46775D,15,2026-03-07
46776B,15,2026-03-07
47566B,15,2026-03-07
47567B,15,2026-03-07
47590A,15,2026-03-07
47590B,15,2026-03-07
47594A,15,2026-03-07
70006,15,2026-03-07
71496A,15,2026-03-07
72134,15,2026-03-07
79067,15,2026-03-07
82582,15,2026-03-07
82599,15,2026-03-07
82616C,15,2026-03-07
84459B,15,2026-03-07
84520B,15,2026-03-07
84559A,15,2026-03-07
84559B,15,2026-03-07
84596J,15,2026-03-07
84609,15,2026-03-07
84659A,15,2026-03-07
84663A,15,2026-03-07
84828,15,2026-03-07
84856L,15,2026-03-07
84915,15,2026-03-07
84950,19,2026-03-07
84976,15,2026-03-07
85008,15,2026-03-07
85040B,15,2026-03-07
85053,15,2026-03-07
85114A,16,2026-03-07
85131D,15,2026-03-07
85170D,15,2026-03-07
85212,16,2026-03-07
85227,15,2026-03-07
85232D,15,2026-03-07
90013B,15,2026-03-07
90018B,15,2026-03-07
90019B,15,2026-03-07
90024C,15,2026-03-07
90036F,15,2026-03-07
90040B,15,2026-03-07
90051,15,2026-03-07
90054,15,2026-03-07
90077,15,2026-03-07
90124B,15,2026-03-07
90134,15,2026-03-07
90138,15,2026-03-07
90161B,15,2026-03-07
90166,15,2026-03-07
90173,15,2026-03-07
90177C,15,2026-03-07
90177E,15,2026-03-07
90181B,15,2026-03-07
90192,15,2026-03-07
90206C,15,2026-03-07
90209C,15,2026-03-07
90211A,15,2026-03-07
90214A,15,2026-03-07
90214E,15,2026-03-07
20970,15,2026-03-07
84658,15,2026-03-07
22448,15,2026-03-07
22447,15,2026-03-07
22446,15,2026-03-07
20665,15,2026-03-07
21472,16,2026-03-07
21877,15,2026-03-07