transaction_id,sku,quantity,unit_price,total_amount,sale_date,channel
TX-00001,GRC-001,17,54.00,918.00,2025-11-29,offline
TX-00002,GRC-002,11,320.00,3520.00,2025-11-29,offline
TX-00003,GRC-003,12,78.00,936.00,2025-11-29,offline
TX-00004,GRC-004,2,35.00,70.00,2025-11-29,offline
TX-00005,CLT-001,9,299.00,2691.00,2025-11-29,offline
TX-00006,CLT-002,2,1199.00,2398.00,2025-11-29,offline
TX-00007,CLT-003,3,899.00,2697.00,2025-11-29,offline
TX-00008,CLT-004,4,129.00,516.00,2025-11-29,offline
TX-00009,GRC-005,2,299.00,598.00,2025-11-29,offline
TX-00010,CLT-005,5,1499.00,7495.00,2025-11-29,offline
TX-00011,GRC-001,18,54.00,972.00,2025-11-30,offline
TX-00012,GRC-002,12,320.00,3840.00,2025-11-30,offline
TX-00013,GRC-003,13,78.00,1014.00,2025-11-30,offline
TX-00014,GRC-004,2,35.00,70.00,2025-11-30,offline
TX-00015,CLT-001,10,299.00,2990.00,2025-11-30,offline
TX-00016,CLT-002,3,1199.00,3597.00,2025-11-30,online
TX-00017,CLT-003,4,899.00,3596.00,2025-11-30,online
TX-00018,CLT-004,3,129.00,387.00,2025-11-30,offline
TX-00019,GRC-005,2,299.00,598.00,2025-11-30,offline
TX-00020,CLT-005,5,1499.00,7495.00,2025-11-30,offline
TX-00021,GRC-001,14,54.00,756.00,2025-12-01,offline
TX-00022,GRC-002,6,320.00,1920.00,2025-12-01,offline
TX-00023,GRC-003,7,78.00,546.00,2025-12-01,offline
TX-00024,GRC-004,2,35.00,70.00,2025-12-01,offline
TX-00025,CLT-001,4,299.00,1196.00,2025-12-01,offline
TX-00026,CLT-002,2,1199.00,2398.00,2025-12-01,offline
TX-00027,CLT-003,3,899.00,2697.00,2025-12-01,online
TX-00028,CLT-004,4,129.00,516.00,2025-12-01,offline
TX-00029,GRC-005,2,299.00,598.00,2025-12-01,online
TX-00030,CLT-005,2,1499.00,2998.00,2025-12-01,offline
TX-00031,GRC-001,15,54.00,810.00,2025-12-02,offline
TX-00032,GRC-002,7,320.00,2240.00,2025-12-02,offline
TX-00033,GRC-003,10,78.00,780.00,2025-12-02,online
TX-00034,GRC-004,2,35.00,70.00,2025-12-02,offline
TX-00035,CLT-001,4,299.00,1196.00,2025-12-02,offline
TX-00036,CLT-002,2,1199.00,2398.00,2025-12-02,online
TX-00037,CLT-003,3,899.00,2697.00,2025-12-02,offline
TX-00038,CLT-004,4,129.00,516.00,2025-12-02,offline
TX-00039,GRC-005,2,299.00,598.00,2025-12-02,offline
TX-00040,CLT-005,2,1499.00,2998.00,2025-12-02,offline
TX-00041,GRC-001,13,54.00,702.00,2025-12-03,offline
TX-00042,GRC-002,7,320.00,2240.00,2025-12-03,online
TX-00043,GRC-003,8,78.00,624.00,2025-12-03,offline
TX-00044,GRC-004,2,35.00,70.00,2025-12-03,offline
TX-00045,CLT-001,4,299.00,1196.00,2025-12-03,offline
TX-00046,CLT-002,2,1199.00,2398.00,2025-12-03,offline
TX-00047,CLT-003,3,899.00,2697.00,2025-12-03,offline
TX-00048,CLT-004,3,129.00,387.00,2025-12-03,offline
TX-00049,GRC-005,2,299.00,598.00,2025-12-03,offline
TX-00050,CLT-005,2,1499.00,2998.00,2025-12-03,online
TX-00051,GRC-001,11,54.00,594.00,2025-12-04,online
TX-00052,GRC-002,7,320.00,2240.00,2025-12-04,offline
TX-00053,GRC-003,8,78.00,624.00,2025-12-04,offline
TX-00054,GRC-004,2,35.00,70.00,2025-12-04,offline
TX-00055,CLT-001,4,299.00,1196.00,2025-12-04,online
TX-00056,CLT-002,3,1199.00,3597.00,2025-12-04,offline
TX-00057,CLT-003,3,899.00,2697.00,2025-12-04,offline
TX-00058,CLT-004,4,129.00,516.00,2025-12-04,online
TX-00059,GRC-005,2,299.00,598.00,2025-12-04,offline
TX-00060,CLT-005,2,1499.00,2998.00,2025-12-04,offline
TX-00061,GRC-001,14,54.00,756.00,2025-12-05,offline
TX-00062,GRC-002,7,320.00,2240.00,2025-12-05,offline
TX-00063,GRC-003,7,78.00,546.00,2025-12-05,offline
TX-00064,GRC-004,2,35.00,70.00,2025-12-05,online
TX-00065,CLT-001,5,299.00,1495.00,2025-12-05,online
TX-00066,CLT-002,2,1199.00,2398.00,2025-12-05,offline
TX-00067,CLT-003,3,899.00,2697.00,2025-12-05,online
TX-00068,CLT-004,3,129.00,387.00,2025-12-05,offline
TX-00069,GRC-005,1,299.00,299.00,2025-12-05,online
TX-00070,CLT-005,2,1499.00,2998.00,2025-12-05,offline
TX-00071,GRC-001,16,54.00,864.00,2025-12-06,offline
TX-00072,GRC-002,11,320.00,3520.00,2025-12-06,online
TX-00073,GRC-003,10,78.00,780.00,2025-12-06,offline
TX-00074,GRC-004,2,35.00,70.00,2025-12-06,online
TX-00075,CLT-001,8,299.00,2392.00,2025-12-06,offline
TX-00076,CLT-002,3,1199.00,3597.00,2025-12-06,offline
TX-00077,CLT-003,3,899.00,2697.00,2025-12-06,offline
TX-00078,CLT-004,3,129.00,387.00,2025-12-06,offline
TX-00079,GRC-005,2,299.00,598.00,2025-12-06,offline
TX-00080,CLT-005,4,1499.00,5996.00,2025-12-06,offline
TX-00081,GRC-001,14,54.00,756.00,2025-12-07,offline
TX-00082,GRC-002,11,320.00,3520.00,2025-12-07,online
TX-00083,GRC-003,12,78.00,936.00,2025-12-07,offline
TX-00084,GRC-004,2,35.00,70.00,2025-12-07,offline
TX-00085,CLT-001,8,299.00,2392.00,2025-12-07,offline
TX-00086,CLT-002,3,1199.00,3597.00,2025-12-07,offline
TX-00087,CLT-003,3,899.00,2697.00,2025-12-07,online
TX-00088,CLT-004,4,129.00,516.00,2025-12-07,offline
TX-00089,GRC-005,2,299.00,598.00,2025-12-07,offline
TX-00090,CLT-005,4,1499.00,5996.00,2025-12-07,offline
TX-00091,GRC-001,14,54.00,756.00,2025-12-08,offline
TX-00092,GRC-002,8,320.00,2560.00,2025-12-08,offline
TX-00093,GRC-003,8,78.00,624.00,2025-12-08,offline
TX-00094,GRC-004,2,35.00,70.00,2025-12-08,offline
TX-00095,CLT-001,4,299.00,1196.00,2025-12-08,offline
TX-00096,CLT-002,3,1199.00,3597.00,2025-12-08,offline
TX-00097,CLT-003,3,899.00,2697.00,2025-12-08,online
TX-00098,CLT-004,3,129.00,387.00,2025-12-08,online
TX-00099,GRC-005,2,299.00,598.00,2025-12-08,offline
TX-00100,CLT-005,2,1499.00,2998.00,2025-12-08,online
TX-00101,GRC-001,15,54.00,810.00,2025-12-09,online
TX-00102,GRC-002,7,320.00,2240.00,2025-12-09,offline
TX-00103,GRC-003,8,78.00,624.00,2025-12-09,offline
TX-00104,GRC-004,2,35.00,70.00,2025-12-09,offline
TX-00105,CLT-001,4,299.00,1196.00,2025-12-09,online
TX-00106,CLT-002,3,1199.00,3597.00,2025-12-09,online
TX-00107,CLT-003,3,899.00,2697.00,2025-12-09,offline
TX-00108,CLT-004,4,129.00,516.00,2025-12-09,online
TX-00109,GRC-005,2,299.00,598.00,2025-12-09,online
TX-00110,CLT-005,2,1499.00,2998.00,2025-12-09,offline
TX-00111,GRC-001,15,54.00,810.00,2025-12-10,offline
TX-00112,GRC-002,7,320.00,2240.00,2025-12-10,online
TX-00113,GRC-003,7,78.00,546.00,2025-12-10,offline
TX-00114,GRC-004,2,35.00,70.00,2025-12-10,online
TX-00115,CLT-001,4,299.00,1196.00,2025-12-10,online
TX-00116,CLT-002,3,1199.00,3597.00,2025-12-10,offline
TX-00117,CLT-003,3,899.00,2697.00,2025-12-10,offline
TX-00118,CLT-004,3,129.00,387.00,2025-12-10,offline
TX-00119,GRC-005,2,299.00,598.00,2025-12-10,offline
TX-00120,CLT-005,2,1499.00,2998.00,2025-12-10,offline
TX-00121,GRC-001,13,54.00,702.00,2025-12-11,offline
TX-00122,GRC-002,7,320.00,2240.00,2025-12-11,online
TX-00123,GRC-003,7,78.00,546.00,2025-12-11,online
TX-00124,GRC-004,2,35.00,70.00,2025-12-11,offline
TX-00125,CLT-001,4,299.00,1196.00,2025-12-11,offline
TX-00126,CLT-002,3,1199.00,3597.00,2025-12-11,online
TX-00127,CLT-003,2,899.00,1798.00,2025-12-11,offline
TX-00128,CLT-004,4,129.00,516.00,2025-12-11,online
TX-00129,GRC-005,1,299.00,299.00,2025-12-11,offline
TX-00130,CLT-005,2,1499.00,2998.00,2025-12-11,online
TX-00131,GRC-001,15,54.00,810.00,2025-12-12,online
TX-00132,GRC-002,6,320.00,1920.00,2025-12-12,offline
TX-00133,GRC-003,10,78.00,780.00,2025-12-12,online
TX-00134,GRC-004,2,35.00,70.00,2025-12-12,online
TX-00135,CLT-001,4,299.00,1196.00,2025-12-12,offline
TX-00136,CLT-002,3,1199.00,3597.00,2025-12-12,offline
TX-00137,CLT-003,3,899.00,2697.00,2025-12-12,online
TX-00138,CLT-004,3,129.00,387.00,2025-12-12,offline
TX-00139,GRC-005,2,299.00,598.00,2025-12-12,offline
TX-00140,CLT-005,2,1499.00,2998.00,2025-12-12,offline
TX-00141,GRC-001,18,54.00,972.00,2025-12-13,offline
TX-00142,GRC-002,13,320.00,4160.00,2025-12-13,offline
TX-00143,GRC-003,11,78.00,858.00,2025-12-13,online
TX-00144,GRC-004,2,35.00,70.00,2025-12-13,offline
TX-00145,CLT-001,9,299.00,2691.00,2025-12-13,offline
TX-00146,CLT-002,3,1199.00,3597.00,2025-12-13,online
TX-00147,CLT-003,4,899.00,3596.00,2025-12-13,offline
TX-00148,CLT-004,4,129.00,516.00,2025-12-13,offline
TX-00149,GRC-005,2,299.00,598.00,2025-12-13,offline
TX-00150,CLT-005,4,1499.00,5996.00,2025-12-13,online
TX-00151,GRC-001,19,54.00,1026.00,2025-12-14,offline
TX-00152,GRC-002,14,320.00,4480.00,2025-12-14,offline
TX-00153,GRC-003,9,78.00,702.00,2025-12-14,offline
TX-00154,GRC-004,2,35.00,70.00,2025-12-14,online
TX-00155,CLT-001,10,299.00,2990.00,2025-12-14,online
TX-00156,CLT-002,3,1199.00,3597.00,2025-12-14,offline
TX-00157,CLT-003,3,899.00,2697.00,2025-12-14,offline
TX-00158,CLT-004,4,129.00,516.00,2025-12-14,online
TX-00159,GRC-005,2,299.00,598.00,2025-12-14,offline
TX-00160,CLT-005,4,1499.00,5996.00,2025-12-14,online
TX-00161,GRC-001,15,54.00,810.00,2025-12-15,online
TX-00162,GRC-002,7,320.00,2240.00,2025-12-15,online
TX-00163,GRC-003,7,78.00,546.00,2025-12-15,online
TX-00164,GRC-004,2,35.00,70.00,2025-12-15,online
TX-00165,CLT-001,5,299.00,1495.00,2025-12-15,online
TX-00166,CLT-002,3,1199.00,3597.00,2025-12-15,offline
TX-00167,CLT-003,3,899.00,2697.00,2025-12-15,offline
TX-00168,CLT-004,4,129.00,516.00,2025-12-15,online
TX-00169,GRC-005,2,299.00,598.00,2025-12-15,online
TX-00170,CLT-005,2,1499.00,2998.00,2025-12-15,offline
TX-00171,GRC-001,14,54.00,756.00,2025-12-16,offline
TX-00172,GRC-002,5,320.00,1600.00,2025-12-16,offline
TX-00173,GRC-003,8,78.00,624.00,2025-12-16,online
TX-00174,GRC-004,2,35.00,70.00,2025-12-16,offline
TX-00175,CLT-001,4,299.00,1196.00,2025-12-16,offline
TX-00176,CLT-002,4,1199.00,4796.00,2025-12-16,offline
TX-00177,CLT-003,3,899.00,2697.00,2025-12-16,offline
TX-00178,CLT-004,4,129.00,516.00,2025-12-16,offline
TX-00179,GRC-005,2,299.00,598.00,2025-12-16,offline
TX-00180,CLT-005,1,1499.00,1499.00,2025-12-16,offline
TX-00181,GRC-001,14,54.00,756.00,2025-12-17,offline
TX-00182,GRC-002,7,320.00,2240.00,2025-12-17,offline
TX-00183,GRC-003,8,78.00,624.00,2025-12-17,offline
TX-00184,GRC-004,2,35.00,70.00,2025-12-17,online
TX-00185,CLT-001,3,299.00,897.00,2025-12-17,online
TX-00186,CLT-002,3,1199.00,3597.00,2025-12-17,online
TX-00187,CLT-003,3,899.00,2697.00,2025-12-17,offline
TX-00188,CLT-004,3,129.00,387.00,2025-12-17,offline
TX-00189,GRC-005,2,299.00,598.00,2025-12-17,offline
TX-00190,CLT-005,2,1499.00,2998.00,2025-12-17,online
TX-00191,GRC-001,14,54.00,756.00,2025-12-18,offline
TX-00192,GRC-002,6,320.00,1920.00,2025-12-18,offline
TX-00193,GRC-003,8,78.00,624.00,2025-12-18,offline
TX-00194,GRC-004,2,35.00,70.00,2025-12-18,offline
TX-00195,CLT-001,5,299.00,1495.00,2025-12-18,offline
TX-00196,CLT-002,4,1199.00,4796.00,2025-12-18,offline
TX-00197,CLT-003,3,899.00,2697.00,2025-12-18,offline
TX-00198,CLT-004,3,129.00,387.00,2025-12-18,offline
TX-00199,GRC-005,2,299.00,598.00,2025-12-18,offline
TX-00200,CLT-005,2,1499.00,2998.00,2025-12-18,offline
TX-00201,GRC-001,13,54.00,702.00,2025-12-19,offline
TX-00202,GRC-002,6,320.00,1920.00,2025-12-19,online
TX-00203,GRC-003,10,78.00,780.00,2025-12-19,offline
TX-00204,GRC-004,2,35.00,70.00,2025-12-19,offline
TX-00205,CLT-001,4,299.00,1196.00,2025-12-19,offline
TX-00206,CLT-002,4,1199.00,4796.00,2025-12-19,online
TX-00207,CLT-003,3,899.00,2697.00,2025-12-19,offline
TX-00208,CLT-004,3,129.00,387.00,2025-12-19,offline
TX-00209,GRC-005,2,299.00,598.00,2025-12-19,offline
TX-00210,CLT-005,2,1499.00,2998.00,2025-12-19,offline
TX-00211,GRC-001,16,54.00,864.00,2025-12-20,offline
TX-00212,GRC-002,11,320.00,3520.00,2025-12-20,offline
TX-00213,GRC-003,11,78.00,858.00,2025-12-20,offline
TX-00214,GRC-004,2,35.00,70.00,2025-12-20,offline
TX-00215,CLT-001,10,299.00,2990.00,2025-12-20,online
TX-00216,CLT-002,3,1199.00,3597.00,2025-12-20,offline
TX-00217,CLT-003,3,899.00,2697.00,2025-12-20,online
TX-00218,CLT-004,4,129.00,516.00,2025-12-20,offline
TX-00219,GRC-005,2,299.00,598.00,2025-12-20,online
TX-00220,CLT-005,4,1499.00,5996.00,2025-12-20,online
TX-00221,GRC-001,17,54.00,918.00,2025-12-21,online
TX-00222,GRC-002,13,320.00,4160.00,2025-12-21,online
TX-00223,GRC-003,12,78.00,936.00,2025-12-21,offline
TX-00224,GRC-004,2,35.00,70.00,2025-12-21,offline
TX-00225,CLT-001,10,299.00,2990.00,2025-12-21,offline
TX-00226,CLT-002,4,1199.00,4796.00,2025-12-21,online
TX-00227,CLT-003,3,899.00,2697.00,2025-12-21,offline
TX-00228,CLT-004,3,129.00,387.00,2025-12-21,offline
TX-00229,GRC-005,2,299.00,598.00,2025-12-21,offline
TX-00230,CLT-005,5,1499.00,7495.00,2025-12-21,offline
TX-00231,GRC-001,11,54.00,594.00,2025-12-22,offline
TX-00232,GRC-002,6,320.00,1920.00,2025-12-22,offline
TX-00233,GRC-003,9,78.00,702.00,2025-12-22,offline
TX-00234,GRC-004,2,35.00,70.00,2025-12-22,offline
TX-00235,CLT-001,5,299.00,1495.00,2025-12-22,offline
TX-00236,CLT-002,3,1199.00,3597.00,2025-12-22,offline
TX-00237,CLT-003,3,899.00,2697.00,2025-12-22,offline
TX-00238,CLT-004,3,129.00,387.00,2025-12-22,online
TX-00239,GRC-005,2,299.00,598.00,2025-12-22,offline
TX-00240,CLT-005,2,1499.00,2998.00,2025-12-22,online
TX-00241,GRC-001,12,54.00,648.00,2025-12-23,offline
TX-00242,GRC-002,6,320.00,1920.00,2025-12-23,online
TX-00243,GRC-003,10,78.00,780.00,2025-12-23,online
TX-00244,GRC-004,2,35.00,70.00,2025-12-23,online
TX-00245,CLT-001,4,299.00,1196.00,2025-12-23,offline
TX-00246,CLT-002,3,1199.00,3597.00,2025-12-23,offline
TX-00247,CLT-003,3,899.00,2697.00,2025-12-23,offline
TX-00248,CLT-004,3,129.00,387.00,2025-12-23,offline
TX-00249,GRC-005,2,299.00,598.00,2025-12-23,offline
TX-00250,CLT-005,2,1499.00,2998.00,2025-12-23,offline
TX-00251,GRC-001,14,54.00,756.00,2025-12-24,offline
TX-00252,GRC-002,6,320.00,1920.00,2025-12-24,offline
TX-00253,GRC-003,7,78.00,546.00,2025-12-24,offline
TX-00254,GRC-004,2,35.00,70.00,2025-12-24,offline
TX-00255,CLT-001,3,299.00,897.00,2025-12-24,offline
TX-00256,CLT-002,3,1199.00,3597.00,2025-12-24,offline
TX-00257,CLT-003,3,899.00,2697.00,2025-12-24,offline
TX-00258,CLT-004,4,129.00,516.00,2025-12-24,online
TX-00259,GRC-005,2,299.00,598.00,2025-12-24,offline
TX-00260,CLT-005,1,1499.00,1499.00,2025-12-24,offline
TX-00261,GRC-001,15,54.00,810.00,2025-12-25,offline
TX-00262,GRC-002,7,320.00,2240.00,2025-12-25,online
TX-00263,GRC-003,9,78.00,702.00,2025-12-25,online
TX-00264,GRC-004,2,35.00,70.00,2025-12-25,offline
TX-00265,CLT-001,3,299.00,897.00,2025-12-25,offline
TX-00266,CLT-002,3,1199.00,3597.00,2025-12-25,offline
TX-00267,CLT-003,3,899.00,2697.00,2025-12-25,offline
TX-00268,CLT-004,4,129.00,516.00,2025-12-25,online
TX-00269,GRC-005,2,299.00,598.00,2025-12-25,offline
TX-00270,CLT-005,2,1499.00,2998.00,2025-12-25,offline
TX-00271,GRC-001,14,54.00,756.00,2025-12-26,online
TX-00272,GRC-002,5,320.00,1600.00,2025-12-26,offline
TX-00273,GRC-003,8,78.00,624.00,2025-12-26,offline
TX-00274,GRC-004,2,35.00,70.00,2025-12-26,offline
TX-00275,CLT-001,5,299.00,1495.00,2025-12-26,offline
TX-00276,CLT-002,4,1199.00,4796.00,2025-12-26,offline
TX-00277,CLT-003,2,899.00,1798.00,2025-12-26,online
TX-00278,CLT-004,4,129.00,516.00,2025-12-26,offline
TX-00279,GRC-005,2,299.00,598.00,2025-12-26,online
TX-00280,CLT-005,2,1499.00,2998.00,2025-12-26,offline
TX-00281,GRC-001,16,54.00,864.00,2025-12-27,offline
TX-00282,GRC-002,12,320.00,3840.00,2025-12-27,offline
TX-00283,GRC-003,12,78.00,936.00,2025-12-27,online
TX-00284,GRC-004,2,35.00,70.00,2025-12-27,online
TX-00285,CLT-001,9,299.00,2691.00,2025-12-27,online
TX-00286,CLT-002,4,1199.00,4796.00,2025-12-27,offline
TX-00287,CLT-003,4,899.00,3596.00,2025-12-27,online
TX-00288,CLT-004,3,129.00,387.00,2025-12-27,online
TX-00289,GRC-005,2,299.00,598.00,2025-12-27,offline
TX-00290,CLT-005,4,1499.00,5996.00,2025-12-27,online
TX-00291,GRC-001,15,54.00,810.00,2025-12-28,online
TX-00292,GRC-002,14,320.00,4480.00,2025-12-28,offline
TX-00293,GRC-003,12,78.00,936.00,2025-12-28,offline
TX-00294,GRC-004,2,35.00,70.00,2025-12-28,offline
TX-00295,CLT-001,8,299.00,2392.00,2025-12-28,offline
TX-00296,CLT-002,4,1199.00,4796.00,2025-12-28,offline
TX-00297,CLT-003,3,899.00,2697.00,2025-12-28,online
TX-00298,CLT-004,3,129.00,387.00,2025-12-28,online
TX-00299,GRC-005,2,299.00,598.00,2025-12-28,offline
TX-00300,CLT-005,3,1499.00,4497.00,2025-12-28,online
TX-00301,GRC-001,11,54.00,594.00,2025-12-29,online
TX-00302,GRC-002,6,320.00,1920.00,2025-12-29,online
TX-00303,GRC-003,9,78.00,702.00,2025-12-29,offline
TX-00304,GRC-004,2,35.00,70.00,2025-12-29,online
TX-00305,CLT-001,4,299.00,1196.00,2025-12-29,offline
TX-00306,CLT-002,4,1199.00,4796.00,2025-12-29,offline
TX-00307,CLT-003,3,899.00,2697.00,2025-12-29,offline
TX-00308,CLT-004,4,129.00,516.00,2025-12-29,offline
TX-00309,GRC-005,2,299.00,598.00,2025-12-29,offline
TX-00310,CLT-005,2,1499.00,2998.00,2025-12-29,offline
TX-00311,GRC-001,12,54.00,648.00,2025-12-30,offline
TX-00312,GRC-002,6,320.00,1920.00,2025-12-30,offline
TX-00313,GRC-003,9,78.00,702.00,2025-12-30,online
TX-00314,GRC-004,2,35.00,70.00,2025-12-30,offline
TX-00315,CLT-001,4,299.00,1196.00,2025-12-30,online
TX-00316,CLT-002,5,1199.00,5995.00,2025-12-30,offline
TX-00317,CLT-003,3,899.00,2697.00,2025-12-30,offline
TX-00318,CLT-004,3,129.00,387.00,2025-12-30,offline
TX-00319,GRC-005,2,299.00,598.00,2025-12-30,offline
TX-00320,CLT-005,2,1499.00,2998.00,2025-12-30,offline
TX-00321,GRC-001,15,54.00,810.00,2025-12-31,offline
TX-00322,GRC-002,7,320.00,2240.00,2025-12-31,offline
TX-00323,GRC-003,10,78.00,780.00,2025-12-31,offline
TX-00324,GRC-004,2,35.00,70.00,2025-12-31,offline
TX-00325,CLT-001,4,299.00,1196.00,2025-12-31,offline
TX-00326,CLT-002,4,1199.00,4796.00,2025-12-31,offline
TX-00327,CLT-003,3,899.00,2697.00,2025-12-31,offline
TX-00328,CLT-004,4,129.00,516.00,2025-12-31,offline
TX-00329,GRC-005,1,299.00,299.00,2025-12-31,offline
TX-00330,CLT-005,1,1499.00,1499.00,2025-12-31,offline
TX-00331,GRC-001,13,54.00,702.00,2026-01-01,offline
TX-00332,GRC-002,8,320.00,2560.00,2026-01-01,offline
TX-00333,GRC-003,9,78.00,702.00,2026-01-01,offline
TX-00334,GRC-004,2,35.00,70.00,2026-01-01,offline
TX-00335,CLT-001,4,299.00,1196.00,2026-01-01,offline
TX-00336,CLT-002,4,1199.00,4796.00,2026-01-01,online
TX-00337,CLT-003,3,899.00,2697.00,2026-01-01,offline
TX-00338,CLT-004,4,129.00,516.00,2026-01-01,offline
TX-00339,GRC-005,2,299.00,598.00,2026-01-01,online
TX-00340,CLT-005,2,1499.00,2998.00,2026-01-01,offline
TX-00341,GRC-001,14,54.00,756.00,2026-01-02,offline
TX-00342,GRC-002,6,320.00,1920.00,2026-01-02,offline
TX-00343,GRC-003,7,78.00,546.00,2026-01-02,offline
TX-00344,GRC-004,2,35.00,70.00,2026-01-02,offline
TX-00345,CLT-001,4,299.00,1196.00,2026-01-02,online
TX-00346,CLT-002,4,1199.00,4796.00,2026-01-02,offline
TX-00347,CLT-003,3,899.00,2697.00,2026-01-02,online
TX-00348,CLT-004,4,129.00,516.00,2026-01-02,offline
TX-00349,GRC-005,2,299.00,598.00,2026-01-02,online
TX-00350,CLT-005,2,1499.00,2998.00,2026-01-02,offline
TX-00351,GRC-001,17,54.00,918.00,2026-01-03,online
TX-00352,GRC-002,14,320.00,4480.00,2026-01-03,offline
TX-00353,GRC-003,9,78.00,702.00,2026-01-03,offline
TX-00354,GRC-004,2,35.00,70.00,2026-01-03,offline
TX-00355,CLT-001,8,299.00,2392.00,2026-01-03,offline
TX-00356,CLT-002,5,1199.00,5995.00,2026-01-03,offline
TX-00357,CLT-003,4,899.00,3596.00,2026-01-03,offline
TX-00358,CLT-004,3,129.00,387.00,2026-01-03,offline
TX-00359,GRC-005,1,299.00,299.00,2026-01-03,offline
TX-00360,CLT-005,4,1499.00,5996.00,2026-01-03,offline
TX-00361,GRC-001,14,54.00,756.00,2026-01-04,online
TX-00362,GRC-002,14,320.00,4480.00,2026-01-04,offline
TX-00363,GRC-003,13,78.00,1014.00,2026-01-04,online
TX-00364,GRC-004,2,35.00,70.00,2026-01-04,offline
TX-00365,CLT-001,7,299.00,2093.00,2026-01-04,online
TX-00366,CLT-002,4,1199.00,4796.00,2026-01-04,offline
TX-00367,CLT-003,4,899.00,3596.00,2026-01-04,offline
TX-00368,CLT-004,4,129.00,516.00,2026-01-04,offline
TX-00369,GRC-005,2,299.00,598.00,2026-01-04,offline
TX-00370,CLT-005,4,1499.00,5996.00,2026-01-04,offline
TX-00371,GRC-001,14,54.00,756.00,2026-01-05,online
TX-00372,GRC-002,6,320.00,1920.00,2026-01-05,offline
TX-00373,GRC-003,8,78.00,624.00,2026-01-05,online
TX-00374,GRC-004,2,35.00,70.00,2026-01-05,offline
TX-00375,CLT-001,4,299.00,1196.00,2026-01-05,offline
TX-00376,CLT-002,4,1199.00,4796.00,2026-01-05,online
TX-00377,CLT-003,3,899.00,2697.00,2026-01-05,offline
TX-00378,CLT-004,4,129.00,516.00,2026-01-05,offline
TX-00379,GRC-005,2,299.00,598.00,2026-01-05,offline
TX-00380,CLT-005,2,1499.00,2998.00,2026-01-05,offline
TX-00381,GRC-001,14,54.00,756.00,2026-01-06,offline
TX-00382,GRC-002,7,320.00,2240.00,2026-01-06,offline
TX-00383,GRC-003,9,78.00,702.00,2026-01-06,online
TX-00384,GRC-004,2,35.00,70.00,2026-01-06,offline
TX-00385,CLT-001,4,299.00,1196.00,2026-01-06,online
TX-00386,CLT-002,5,1199.00,5995.00,2026-01-06,offline
TX-00387,CLT-003,2,899.00,1798.00,2026-01-06,offline
TX-00388,CLT-004,4,129.00,516.00,2026-01-06,offline
TX-00389,GRC-005,2,299.00,598.00,2026-01-06,online
TX-00390,CLT-005,2,1499.00,2998.00,2026-01-06,offline
TX-00391,GRC-001,15,54.00,810.00,2026-01-07,offline
TX-00392,GRC-002,7,320.00,2240.00,2026-01-07,offline
TX-00393,GRC-003,8,78.00,624.00,2026-01-07,online
TX-00394,GRC-004,2,35.00,70.00,2026-01-07,offline
TX-00395,CLT-001,4,299.00,1196.00,2026-01-07,offline
TX-00396,CLT-002,5,1199.00,5995.00,2026-01-07,offline
TX-00397,CLT-003,3,899.00,2697.00,2026-01-07,online
TX-00398,CLT-004,3,129.00,387.00,2026-01-07,online
TX-00399,GRC-005,2,299.00,598.00,2026-01-07,online
TX-00400,CLT-005,2,1499.00,2998.00,2026-01-07,online
TX-00401,GRC-001,12,54.00,648.00,2026-01-08,offline
TX-00402,GRC-002,7,320.00,2240.00,2026-01-08,online
TX-00403,GRC-003,8,78.00,624.00,2026-01-08,offline
TX-00404,GRC-004,2,35.00,70.00,2026-01-08,offline
TX-00405,CLT-001,4,299.00,1196.00,2026-01-08,offline
TX-00406,CLT-002,5,1199.00,5995.00,2026-01-08,offline
TX-00407,CLT-003,2,899.00,1798.00,2026-01-08,offline
TX-00408,CLT-004,4,129.00,516.00,2026-01-08,offline
TX-00409,GRC-005,2,299.00,598.00,2026-01-08,offline
TX-00410,CLT-005,2,1499.00,2998.00,2026-01-08,online
TX-00411,GRC-001,14,54.00,756.00,2026-01-09,offline
TX-00412,GRC-002,7,320.00,2240.00,2026-01-09,online
TX-00413,GRC-003,10,78.00,780.00,2026-01-09,offline
TX-00414,GRC-004,2,35.00,70.00,2026-01-09,offline
TX-00415,CLT-001,4,299.00,1196.00,2026-01-09,online
TX-00416,CLT-002,5,1199.00,5995.00,2026-01-09,offline
TX-00417,CLT-003,3,899.00,2697.00,2026-01-09,offline
TX-00418,CLT-004,4,129.00,516.00,2026-01-09,offline
TX-00419,GRC-005,2,299.00,598.00,2026-01-09,offline
TX-00420,CLT-005,2,1499.00,2998.00,2026-01-09,online
TX-00421,GRC-001,15,54.00,810.00,2026-01-10,offline
TX-00422,GRC-002,13,320.00,4160.00,2026-01-10,online
TX-00423,GRC-003,12,78.00,936.00,2026-01-10,online
TX-00424,GRC-004,2,35.00,70.00,2026-01-10,offline
TX-00425,CLT-001,10,299.00,2990.00,2026-01-10,online
TX-00426,CLT-002,5,1199.00,5995.00,2026-01-10,offline
TX-00427,CLT-003,3,899.00,2697.00,2026-01-10,offline
TX-00428,CLT-004,4,129.00,516.00,2026-01-10,online
TX-00429,GRC-005,2,299.00,598.00,2026-01-10,offline
TX-00430,CLT-005,4,1499.00,5996.00,2026-01-10,offline
TX-00431,GRC-001,18,54.00,972.00,2026-01-11,offline
TX-00432,GRC-002,13,320.00,4160.00,2026-01-11,online
TX-00433,GRC-003,9,78.00,702.00,2026-01-11,online
TX-00434,GRC-004,2,35.00,70.00,2026-01-11,offline
TX-00435,CLT-001,8,299.00,2392.00,2026-01-11,offline
TX-00436,CLT-002,5,1199.00,5995.00,2026-01-11,online
TX-00437,CLT-003,3,899.00,2697.00,2026-01-11,offline
TX-00438,CLT-004,4,129.00,516.00,2026-01-11,offline
TX-00439,GRC-005,2,299.00,598.00,2026-01-11,online
TX-00440,CLT-005,4,1499.00,5996.00,2026-01-11,offline
TX-00441,GRC-001,12,54.00,648.00,2026-01-12,offline
TX-00442,GRC-002,5,320.00,1600.00,2026-01-12,online
TX-00443,GRC-003,10,78.00,780.00,2026-01-12,offline
TX-00444,GRC-004,2,35.00,70.00,2026-01-12,offline
TX-00445,CLT-001,4,299.00,1196.00,2026-01-12,offline
TX-00446,CLT-002,5,1199.00,5995.00,2026-01-12,offline
TX-00447,CLT-003,3,899.00,2697.00,2026-01-12,online
TX-00448,CLT-004,3,129.00,387.00,2026-01-12,offline
TX-00449,GRC-005,2,299.00,598.00,2026-01-12,offline
TX-00450,CLT-005,2,1499.00,2998.00,2026-01-12,offline
TX-00451,GRC-001,15,54.00,810.00,2026-01-13,offline
TX-00452,GRC-002,8,320.00,2560.00,2026-01-13,offline
TX-00453,GRC-003,8,78.00,624.00,2026-01-13,offline
TX-00454,GRC-004,2,35.00,70.00,2026-01-13,online
TX-00455,CLT-001,3,299.00,897.00,2026-01-13,offline
TX-00456,CLT-002,5,1199.00,5995.00,2026-01-13,online
TX-00457,CLT-003,3,899.00,2697.00,2026-01-13,online
TX-00458,CLT-004,4,129.00,516.00,2026-01-13,offline
TX-00459,GRC-005,2,299.00,598.00,2026-01-13,offline
TX-00460,CLT-005,2,1499.00,2998.00,2026-01-13,online
TX-00461,GRC-001,14,54.00,756.00,2026-01-14,online
TX-00462,GRC-002,7,320.00,2240.00,2026-01-14,online
TX-00463,GRC-003,9,78.00,702.00,2026-01-14,offline
TX-00464,GRC-004,2,35.00,70.00,2026-01-14,offline
TX-00465,CLT-001,5,299.00,1495.00,2026-01-14,offline
TX-00466,CLT-002,5,1199.00,5995.00,2026-01-14,online
TX-00467,CLT-003,2,899.00,1798.00,2026-01-14,offline
TX-00468,CLT-004,4,129.00,516.00,2026-01-14,online
TX-00469,GRC-005,2,299.00,598.00,2026-01-14,online
TX-00470,CLT-005,2,1499.00,2998.00,2026-01-14,offline
TX-00471,GRC-001,15,54.00,810.00,2026-01-15,offline
TX-00472,GRC-002,7,320.00,2240.00,2026-01-15,online
TX-00473,GRC-003,8,78.00,624.00,2026-01-15,offline
TX-00474,GRC-004,2,35.00,70.00,2026-01-15,offline
TX-00475,CLT-001,5,299.00,1495.00,2026-01-15,online
TX-00476,CLT-002,5,1199.00,5995.00,2026-01-15,online
TX-00477,CLT-003,3,899.00,2697.00,2026-01-15,online
TX-00478,CLT-004,3,129.00,387.00,2026-01-15,online
TX-00479,GRC-005,1,299.00,299.00,2026-01-15,offline
TX-00480,CLT-005,2,1499.00,2998.00,2026-01-15,offline
TX-00481,GRC-001,14,54.00,756.00,2026-01-16,offline
TX-00482,GRC-002,7,320.00,2240.00,2026-01-16,online
TX-00483,GRC-003,7,78.00,546.00,2026-01-16,offline
TX-00484,GRC-004,2,35.00,70.00,2026-01-16,online
TX-00485,CLT-001,4,299.00,1196.00,2026-01-16,online
TX-00486,CLT-002,5,1199.00,5995.00,2026-01-16,offline
TX-00487,CLT-003,3,899.00,2697.00,2026-01-16,online
TX-00488,CLT-004,3,129.00,387.00,2026-01-16,offline
TX-00489,GRC-005,2,299.00,598.00,2026-01-16,online
TX-00490,CLT-005,2,1499.00,2998.00,2026-01-16,offline
TX-00491,GRC-001,14,54.00,756.00,2026-01-17,online
TX-00492,GRC-002,11,320.00,3520.00,2026-01-17,offline
TX-00493,GRC-003,11,78.00,858.00,2026-01-17,online
TX-00494,GRC-004,2,35.00,70.00,2026-01-17,offline
TX-00495,CLT-001,10,299.00,2990.00,2026-01-17,offline
TX-00496,CLT-002,5,1199.00,5995.00,2026-01-17,offline
TX-00497,CLT-003,3,899.00,2697.00,2026-01-17,offline
TX-00498,CLT-004,4,129.00,516.00,2026-01-17,offline
TX-00499,GRC-005,2,299.00,598.00,2026-01-17,offline
TX-00500,CLT-005,5,1499.00,7495.00,2026-01-17,online
TX-00501,GRC-001,14,54.00,756.00,2026-01-18,offline
TX-00502,GRC-002,13,320.00,4160.00,2026-01-18,online
TX-00503,GRC-003,10,78.00,780.00,2026-01-18,offline
TX-00504,GRC-004,2,35.00,70.00,2026-01-18,offline
TX-00505,CLT-001,10,299.00,2990.00,2026-01-18,offline
TX-00506,CLT-002,5,1199.00,5995.00,2026-01-18,offline
TX-00507,CLT-003,4,899.00,3596.00,2026-01-18,offline
TX-00508,CLT-004,4,129.00,516.00,2026-01-18,offline
TX-00509,GRC-005,2,299.00,598.00,2026-01-18,offline
TX-00510,CLT-005,4,1499.00,5996.00,2026-01-18,online
TX-00511,GRC-001,12,54.00,648.00,2026-01-19,offline
TX-00512,GRC-002,7,320.00,2240.00,2026-01-19,offline
TX-00513,GRC-003,7,78.00,546.00,2026-01-19,online
TX-00514,GRC-004,2,35.00,70.00,2026-01-19,online
TX-00515,CLT-001,4,299.00,1196.00,2026-01-19,offline
TX-00516,CLT-002,5,1199.00,5995.00,2026-01-19,offline
TX-00517,CLT-003,3,899.00,2697.00,2026-01-19,offline
TX-00518,CLT-004,3,129.00,387.00,2026-01-19,online
TX-00519,GRC-005,2,299.00,598.00,2026-01-19,offline
TX-00520,CLT-005,2,1499.00,2998.00,2026-01-19,offline
TX-00521,GRC-001,14,54.00,756.00,2026-01-20,offline
TX-00522,GRC-002,7,320.00,2240.00,2026-01-20,offline
TX-00523,GRC-003,9,78.00,702.00,2026-01-20,offline
TX-00524,GRC-004,2,35.00,70.00,2026-01-20,offline
TX-00525,CLT-001,5,299.00,1495.00,2026-01-20,offline
TX-00526,CLT-002,6,1199.00,7194.00,2026-01-20,online
TX-00527,CLT-003,3,899.00,2697.00,2026-01-20,offline
TX-00528,CLT-004,4,129.00,516.00,2026-01-20,offline
TX-00529,GRC-005,2,299.00,598.00,2026-01-20,offline
TX-00530,CLT-005,2,1499.00,2998.00,2026-01-20,offline
TX-00531,GRC-001,15,54.00,810.00,2026-01-21,offline
TX-00532,GRC-002,5,320.00,1600.00,2026-01-21,offline
TX-00533,GRC-003,7,78.00,546.00,2026-01-21,offline
TX-00534,GRC-004,2,35.00,70.00,2026-01-21,offline
TX-00535,CLT-001,4,299.00,1196.00,2026-01-21,online
TX-00536,CLT-002,5,1199.00,5995.00,2026-01-21,offline
TX-00537,CLT-003,3,899.00,2697.00,2026-01-21,offline
TX-00538,CLT-004,4,129.00,516.00,2026-01-21,online
TX-00539,GRC-005,2,299.00,598.00,2026-01-21,online
TX-00540,CLT-005,2,1499.00,2998.00,2026-01-21,offline
TX-00541,GRC-001,13,54.00,702.00,2026-01-22,offline
TX-00542,GRC-002,6,320.00,1920.00,2026-01-22,offline
TX-00543,GRC-003,8,78.00,624.00,2026-01-22,offline
TX-00544,GRC-004,2,35.00,70.00,2026-01-22,offline
TX-00545,CLT-001,4,299.00,1196.00,2026-01-22,offline
TX-00546,CLT-002,6,1199.00,7194.00,2026-01-22,offline
TX-00547,CLT-003,3,899.00,2697.00,2026-01-22,offline
TX-00548,CLT-004,3,129.00,387.00,2026-01-22,online
TX-00549,GRC-005,2,299.00,598.00,2026-01-22,offline
TX-00550,CLT-005,2,1499.00,2998.00,2026-01-22,offline
TX-00551,GRC-001,12,54.00,648.00,2026-01-23,offline
TX-00552,GRC-002,6,320.00,1920.00,2026-01-23,offline
TX-00553,GRC-003,9,78.00,702.00,2026-01-23,online
TX-00554,GRC-004,2,35.00,70.00,2026-01-23,online
TX-00555,CLT-001,4,299.00,1196.00,2026-01-23,offline
TX-00556,CLT-002,6,1199.00,7194.00,2026-01-23,offline
TX-00557,CLT-003,3,899.00,2697.00,2026-01-23,offline
TX-00558,CLT-004,3,129.00,387.00,2026-01-23,online
TX-00559,CLT-005,2,1499.00,2998.00,2026-01-23,online
TX-00560,GRC-001,17,54.00,918.00,2026-01-24,online
TX-00561,GRC-002,14,320.00,4480.00,2026-01-24,online
TX-00562,GRC-003,12,78.00,936.00,2026-01-24,offline
TX-00563,GRC-004,2,35.00,70.00,2026-01-24,offline
TX-00564,CLT-001,10,299.00,2990.00,2026-01-24,online
TX-00565,CLT-002,5,1199.00,5995.00,2026-01-24,offline
TX-00566,CLT-003,4,899.00,3596.00,2026-01-24,offline
TX-00567,CLT-004,3,129.00,387.00,2026-01-24,offline
TX-00568,CLT-005,5,1499.00,7495.00,2026-01-24,offline
TX-00569,GRC-001,16,54.00,864.00,2026-01-25,offline
TX-00570,GRC-002,13,320.00,4160.00,2026-01-25,offline
TX-00571,GRC-003,12,78.00,936.00,2026-01-25,offline
TX-00572,GRC-004,2,35.00,70.00,2026-01-25,offline
TX-00573,CLT-001,8,299.00,2392.00,2026-01-25,online
TX-00574,CLT-002,6,1199.00,7194.00,2026-01-25,offline
TX-00575,CLT-003,3,899.00,2697.00,2026-01-25,offline
TX-00576,CLT-004,3,129.00,387.00,2026-01-25,offline
TX-00577,CLT-005,5,1499.00,7495.00,2026-01-25,offline
TX-00578,GRC-001,14,54.00,756.00,2026-01-26,offline
TX-00579,GRC-002,6,320.00,1920.00,2026-01-26,offline
TX-00580,GRC-003,9,78.00,702.00,2026-01-26,offline
TX-00581,GRC-004,2,35.00,70.00,2026-01-26,offline
TX-00582,CLT-001,4,299.00,1196.00,2026-01-26,offline
TX-00583,CLT-002,6,1199.00,7194.00,2026-01-26,offline
TX-00584,CLT-003,3,899.00,2697.00,2026-01-26,offline
TX-00585,CLT-004,3,129.00,387.00,2026-01-26,offline
TX-00586,CLT-005,2,1499.00,2998.00,2026-01-26,offline
TX-00587,GRC-001,12,54.00,648.00,2026-01-27,offline
TX-00588,GRC-002,5,320.00,1600.00,2026-01-27,online
TX-00589,GRC-003,7,78.00,546.00,2026-01-27,offline
TX-00590,GRC-004,2,35.00,70.00,2026-01-27,offline
TX-00591,CLT-001,5,299.00,1495.00,2026-01-27,online
TX-00592,CLT-002,5,1199.00,5995.00,2026-01-27,online
TX-00593,CLT-003,2,899.00,1798.00,2026-01-27,offline
TX-00594,CLT-004,4,129.00,516.00,2026-01-27,online
TX-00595,CLT-005,2,1499.00,2998.00,2026-01-27,offline
TX-00596,GRC-001,14,54.00,756.00,2026-01-28,offline
TX-00597,GRC-002,5,320.00,1600.00,2026-01-28,offline
TX-00598,GRC-003,8,78.00,624.00,2026-01-28,online
TX-00599,GRC-004,2,35.00,70.00,2026-01-28,online
TX-00600,CLT-001,5,299.00,1495.00,2026-01-28,offline
TX-00601,CLT-002,6,1199.00,7194.00,2026-01-28,offline
TX-00602,CLT-003,3,899.00,2697.00,2026-01-28,offline
TX-00603,CLT-004,3,129.00,387.00,2026-01-28,offline
TX-00604,CLT-005,2,1499.00,2998.00,2026-01-28,offline
TX-00605,GRC-001,11,54.00,594.00,2026-01-29,offline
TX-00606,GRC-002,5,320.00,1600.00,2026-01-29,offline
TX-00607,GRC-003,10,78.00,780.00,2026-01-29,offline
TX-00608,GRC-004,2,35.00,70.00,2026-01-29,online
TX-00609,CLT-001,5,299.00,1495.00,2026-01-29,offline
TX-00610,CLT-002,5,1199.00,5995.00,2026-01-29,offline
TX-00611,CLT-003,3,899.00,2697.00,2026-01-29,online
TX-00612,CLT-004,4,129.00,516.00,2026-01-29,offline
TX-00613,CLT-005,2,1499.00,2998.00,2026-01-29,offline
TX-00614,GRC-001,14,54.00,756.00,2026-01-30,online
TX-00615,GRC-002,6,320.00,1920.00,2026-01-30,online
TX-00616,GRC-003,9,78.00,702.00,2026-01-30,offline
TX-00617,GRC-004,2,35.00,70.00,2026-01-30,online
TX-00618,CLT-001,4,299.00,1196.00,2026-01-30,offline
TX-00619,CLT-002,5,1199.00,5995.00,2026-01-30,offline
TX-00620,CLT-003,3,899.00,2697.00,2026-01-30,offline
TX-00621,CLT-004,3,129.00,387.00,2026-01-30,offline
TX-00622,CLT-005,2,1499.00,2998.00,2026-01-30,offline
TX-00623,GRC-001,14,54.00,756.00,2026-01-31,online
TX-00624,GRC-002,10,320.00,3200.00,2026-01-31,online
TX-00625,GRC-003,12,78.00,936.00,2026-01-31,offline
TX-00626,GRC-004,2,35.00,70.00,2026-01-31,offline
TX-00627,CLT-001,9,299.00,2691.00,2026-01-31,online
TX-00628,CLT-002,7,1199.00,8393.00,2026-01-31,offline
TX-00629,CLT-003,4,899.00,3596.00,2026-01-31,offline
TX-00630,CLT-004,3,129.00,387.00,2026-01-31,offline
TX-00631,CLT-005,4,1499.00,5996.00,2026-01-31,offline
TX-00632,GRC-001,14,54.00,756.00,2026-02-01,online
TX-00633,GRC-002,12,320.00,3840.00,2026-02-01,online
TX-00634,GRC-003,11,78.00,858.00,2026-02-01,offline
TX-00635,GRC-004,2,35.00,70.00,2026-02-01,offline
TX-00636,CLT-001,9,299.00,2691.00,2026-02-01,offline
TX-00637,CLT-002,5,1199.00,5995.00,2026-02-01,offline
TX-00638,CLT-003,3,899.00,2697.00,2026-02-01,offline
TX-00639,CLT-004,3,129.00,387.00,2026-02-01,offline
TX-00640,CLT-005,5,1499.00,7495.00,2026-02-01,offline
TX-00641,GRC-001,11,54.00,594.00,2026-02-02,offline
TX-00642,GRC-002,7,320.00,2240.00,2026-02-02,offline
TX-00643,GRC-003,9,78.00,702.00,2026-02-02,offline
TX-00644,GRC-004,2,35.00,70.00,2026-02-02,online
TX-00645,CLT-001,4,299.00,1196.00,2026-02-02,offline
TX-00646,CLT-002,5,1199.00,5995.00,2026-02-02,offline
TX-00647,CLT-003,3,899.00,2697.00,2026-02-02,offline
TX-00648,CLT-004,3,129.00,387.00,2026-02-02,offline
TX-00649,CLT-005,2,1499.00,2998.00,2026-02-02,offline
TX-00650,GRC-001,12,54.00,648.00,2026-02-03,online
TX-00651,GRC-002,7,320.00,2240.00,2026-02-03,offline
TX-00652,GRC-003,10,78.00,780.00,2026-02-03,online
TX-00653,GRC-004,2,35.00,70.00,2026-02-03,offline
TX-00654,CLT-001,4,299.00,1196.00,2026-02-03,offline
TX-00655,CLT-002,6,1199.00,7194.00,2026-02-03,offline
TX-00656,CLT-003,2,899.00,1798.00,2026-02-03,offline
TX-00657,CLT-004,4,129.00,516.00,2026-02-03,offline
TX-00658,CLT-005,2,1499.00,2998.00,2026-02-03,offline
TX-00659,GRC-001,11,54.00,594.00,2026-02-04,online
TX-00660,GRC-002,5,320.00,1600.00,2026-02-04,online
TX-00661,GRC-003,10,78.00,780.00,2026-02-04,online
TX-00662,GRC-004,2,35.00,70.00,2026-02-04,offline
TX-00663,CLT-001,5,299.00,1495.00,2026-02-04,offline
TX-00664,CLT-002,6,1199.00,7194.00,2026-02-04,offline
TX-00665,CLT-003,3,899.00,2697.00,2026-02-04,online
TX-00666,CLT-004,4,129.00,516.00,2026-02-04,offline
TX-00667,CLT-005,2,1499.00,2998.00,2026-02-04,offline
TX-00668,GRC-001,14,54.00,756.00,2026-02-05,offline
TX-00669,GRC-002,6,320.00,1920.00,2026-02-05,offline
TX-00670,GRC-003,9,78.00,702.00,2026-02-05,offline
TX-00671,GRC-004,2,35.00,70.00,2026-02-05,offline
TX-00672,CLT-001,5,299.00,1495.00,2026-02-05,offline
TX-00673,CLT-002,7,1199.00,8393.00,2026-02-05,offline
TX-00674,CLT-003,3,899.00,2697.00,2026-02-05,online
TX-00675,CLT-004,3,129.00,387.00,2026-02-05,offline
TX-00676,CLT-005,2,1499.00,2998.00,2026-02-05,offline
TX-00677,GRC-001,15,54.00,810.00,2026-02-06,online
TX-00678,GRC-002,7,320.00,2240.00,2026-02-06,offline
TX-00679,GRC-003,8,78.00,624.00,2026-02-06,offline
TX-00680,GRC-004,2,35.00,70.00,2026-02-06,offline
TX-00681,CLT-001,4,299.00,1196.00,2026-02-06,online
TX-00682,CLT-002,7,1199.00,8393.00,2026-02-06,offline
TX-00683,CLT-003,3,899.00,2697.00,2026-02-06,offline
TX-00684,CLT-004,4,129.00,516.00,2026-02-06,offline
TX-00685,CLT-005,2,1499.00,2998.00,2026-02-06,online
TX-00686,GRC-001,15,54.00,810.00,2026-02-07,offline
TX-00687,GRC-002,12,320.00,3840.00,2026-02-07,offline
TX-00688,GRC-003,9,78.00,702.00,2026-02-07,offline
TX-00689,GRC-004,2,35.00,70.00,2026-02-07,online
TX-00690,CLT-001,8,299.00,2392.00,2026-02-07,offline
TX-00691,CLT-002,7,1199.00,8393.00,2026-02-07,online
TX-00692,CLT-003,4,899.00,3596.00,2026-02-07,online
TX-00693,CLT-004,3,129.00,387.00,2026-02-07,offline
TX-00694,CLT-005,5,1499.00,7495.00,2026-02-07,offline
TX-00695,GRC-001,14,54.00,756.00,2026-02-08,online
TX-00696,GRC-002,12,320.00,3840.00,2026-02-08,offline
TX-00697,GRC-003,9,78.00,702.00,2026-02-08,offline
TX-00698,GRC-004,2,35.00,70.00,2026-02-08,offline
TX-00699,CLT-001,10,299.00,2990.00,2026-02-08,offline
TX-00700,CLT-002,6,1199.00,7194.00,2026-02-08,offline
TX-00701,CLT-003,3,899.00,2697.00,2026-02-08,offline
TX-00702,CLT-004,3,129.00,387.00,2026-02-08,online
TX-00703,CLT-005,4,1499.00,5996.00,2026-02-08,offline
TX-00704,GRC-001,15,54.00,810.00,2026-02-09,offline
TX-00705,GRC-002,5,320.00,1600.00,2026-02-09,offline
TX-00706,GRC-003,8,78.00,624.00,2026-02-09,offline
TX-00707,GRC-004,2,35.00,70.00,2026-02-09,offline
TX-00708,CLT-001,4,299.00,1196.00,2026-02-09,offline
TX-00709,CLT-002,7,1199.00,8393.00,2026-02-09,offline
TX-00710,CLT-003,3,899.00,2697.00,2026-02-09,offline
TX-00711,CLT-004,4,129.00,516.00,2026-02-09,offline
TX-00712,CLT-005,2,1499.00,2998.00,2026-02-09,offline
TX-00713,GRC-001,12,54.00,648.00,2026-02-10,offline
TX-00714,GRC-002,7,320.00,2240.00,2026-02-10,online
TX-00715,GRC-003,8,78.00,624.00,2026-02-10,offline
TX-00716,GRC-004,2,35.00,70.00,2026-02-10,offline
TX-00717,CLT-001,5,299.00,1495.00,2026-02-10,offline
TX-00718,CLT-002,7,1199.00,8393.00,2026-02-10,online
TX-00719,CLT-003,3,899.00,2697.00,2026-02-10,offline
TX-00720,CLT-004,4,129.00,516.00,2026-02-10,online
TX-00721,CLT-005,2,1499.00,2998.00,2026-02-10,online
TX-00722,GRC-001,13,54.00,702.00,2026-02-11,offline
TX-00723,GRC-002,7,320.00,2240.00,2026-02-11,online
TX-00724,GRC-003,7,78.00,546.00,2026-02-11,online
TX-00725,GRC-004,2,35.00,70.00,2026-02-11,offline
TX-00726,CLT-001,3,299.00,897.00,2026-02-11,offline
TX-00727,CLT-002,6,1199.00,7194.00,2026-02-11,online
TX-00728,CLT-003,3,899.00,2697.00,2026-02-11,online
TX-00729,CLT-004,4,129.00,516.00,2026-02-11,offline
TX-00730,CLT-005,2,1499.00,2998.00,2026-02-11,offline
TX-00731,GRC-001,12,54.00,648.00,2026-02-12,online
TX-00732,GRC-002,7,320.00,2240.00,2026-02-12,offline
TX-00733,GRC-003,7,78.00,546.00,2026-02-12,offline
TX-00734,GRC-004,2,35.00,70.00,2026-02-12,online
TX-00735,CLT-001,5,299.00,1495.00,2026-02-12,offline
TX-00736,CLT-002,8,1199.00,9592.00,2026-02-12,offline
TX-00737,CLT-003,3,899.00,2697.00,2026-02-12,online
TX-00738,CLT-004,4,129.00,516.00,2026-02-12,online
TX-00739,CLT-005,2,1499.00,2998.00,2026-02-12,offline
TX-00740,GRC-001,13,54.00,702.00,2026-02-13,online
TX-00741,GRC-002,7,320.00,2240.00,2026-02-13,offline
TX-00742,GRC-003,7,78.00,546.00,2026-02-13,offline
TX-00743,GRC-004,2,35.00,70.00,2026-02-13,offline
TX-00744,CLT-001,4,299.00,1196.00,2026-02-13,offline
TX-00745,CLT-002,6,1199.00,7194.00,2026-02-13,offline
TX-00746,CLT-003,3,899.00,2697.00,2026-02-13,offline
TX-00747,CLT-004,4,129.00,516.00,2026-02-13,offline
TX-00748,CLT-005,2,1499.00,2998.00,2026-02-13,online
TX-00749,GRC-001,14,54.00,756.00,2026-02-14,offline
TX-00750,GRC-002,12,320.00,3840.00,2026-02-14,online
TX-00751,GRC-003,11,78.00,858.00,2026-02-14,online
TX-00752,GRC-004,2,35.00,70.00,2026-02-14,offline
TX-00753,CLT-001,10,299.00,2990.00,2026-02-14,offline
TX-00754,CLT-002,6,1199.00,7194.00,2026-02-14,online
TX-00755,CLT-003,3,899.00,2697.00,2026-02-14,offline
TX-00756,CLT-004,4,129.00,516.00,2026-02-14,offline
TX-00757,CLT-005,5,1499.00,7495.00,2026-02-14,online
TX-00758,GRC-001,16,54.00,864.00,2026-02-15,online
TX-00759,GRC-002,13,320.00,4160.00,2026-02-15,offline
TX-00760,GRC-003,10,78.00,780.00,2026-02-15,offline
TX-00761,GRC-004,2,35.00,70.00,2026-02-15,offline
TX-00762,CLT-001,10,299.00,2990.00,2026-02-15,offline
TX-00763,CLT-002,7,1199.00,8393.00,2026-02-15,offline
TX-00764,CLT-003,3,899.00,2697.00,2026-02-15,offline
TX-00765,CLT-004,3,129.00,387.00,2026-02-15,online
TX-00766,CLT-005,4,1499.00,5996.00,2026-02-15,online
TX-00767,GRC-001,13,54.00,702.00,2026-02-16,offline
TX-00768,GRC-002,7,320.00,2240.00,2026-02-16,offline
TX-00769,GRC-003,10,78.00,780.00,2026-02-16,offline
TX-00770,GRC-004,2,35.00,70.00,2026-02-16,offline
TX-00771,CLT-001,5,299.00,1495.00,2026-02-16,offline
TX-00772,CLT-002,7,1199.00,8393.00,2026-02-16,offline
TX-00773,CLT-003,3,899.00,2697.00,2026-02-16,online
TX-00774,CLT-004,4,129.00,516.00,2026-02-16,online
TX-00775,CLT-005,2,1499.00,2998.00,2026-02-16,offline
TX-00776,GRC-001,14,54.00,756.00,2026-02-17,offline
TX-00777,GRC-002,6,320.00,1920.00,2026-02-17,offline
TX-00778,GRC-003,7,78.00,546.00,2026-02-17,online
TX-00779,GRC-004,2,35.00,70.00,2026-02-17,offline
TX-00780,CLT-001,4,299.00,1196.00,2026-02-17,online
TX-00781,CLT-002,7,1199.00,8393.00,2026-02-17,offline
TX-00782,CLT-003,2,899.00,1798.00,2026-02-17,offline
TX-00783,CLT-004,4,129.00,516.00,2026-02-17,online
TX-00784,CLT-005,2,1499.00,2998.00,2026-02-17,online
TX-00785,GRC-001,15,54.00,810.00,2026-02-18,offline
TX-00786,GRC-002,8,320.00,2560.00,2026-02-18,offline
TX-00787,GRC-003,8,78.00,624.00,2026-02-18,offline
TX-00788,GRC-004,2,35.00,70.00,2026-02-18,online
TX-00789,CLT-001,5,299.00,1495.00,2026-02-18,offline
TX-00790,CLT-002,6,1199.00,7194.00,2026-02-18,online
TX-00791,CLT-003,3,899.00,2697.00,2026-02-18,online
TX-00792,CLT-004,3,129.00,387.00,2026-02-18,offline
TX-00793,CLT-005,2,1499.00,2998.00,2026-02-18,offline
TX-00794,GRC-001,12,54.00,648.00,2026-02-19,online
TX-00795,GRC-002,6,320.00,1920.00,2026-02-19,online
TX-00796,GRC-003,10,78.00,780.00,2026-02-19,online
TX-00797,GRC-004,2,35.00,70.00,2026-02-19,offline
TX-00798,CLT-001,4,299.00,1196.00,2026-02-19,offline
TX-00799,CLT-002,7,1199.00,8393.00,2026-02-19,offline
TX-00800,CLT-003,3,899.00,2697.00,2026-02-19,offline
TX-00801,CLT-004,4,129.00,516.00,2026-02-19,offline
TX-00802,CLT-005,2,1499.00,2998.00,2026-02-19,online
TX-00803,GRC-001,13,54.00,702.00,2026-02-20,online
TX-00804,GRC-002,7,320.00,2240.00,2026-02-20,online
TX-00805,GRC-003,7,78.00,546.00,2026-02-20,offline
TX-00806,GRC-004,2,35.00,70.00,2026-02-20,offline
TX-00807,CLT-001,4,299.00,1196.00,2026-02-20,online
TX-00808,CLT-002,7,1199.00,8393.00,2026-02-20,offline
TX-00809,CLT-003,3,899.00,2697.00,2026-02-20,offline
TX-00810,CLT-004,3,129.00,387.00,2026-02-20,online
TX-00811,CLT-005,2,1499.00,2998.00,2026-02-20,online
TX-00812,GRC-001,17,54.00,918.00,2026-02-21,offline
TX-00813,GRC-002,10,320.00,3200.00,2026-02-21,offline
TX-00814,GRC-003,10,78.00,780.00,2026-02-21,offline
TX-00815,GRC-004,2,35.00,70.00,2026-02-21,offline
TX-00816,CLT-001,8,299.00,2392.00,2026-02-21,online
TX-00817,CLT-002,8,1199.00,9592.00,2026-02-21,online
TX-00818,CLT-003,4,899.00,3596.00,2026-02-21,offline
TX-00819,CLT-004,3,129.00,387.00,2026-02-21,offline
TX-00820,CLT-005,4,1499.00,5996.00,2026-02-21,offline
TX-00821,GRC-001,15,54.00,810.00,2026-02-22,offline
TX-00822,GRC-002,10,320.00,3200.00,2026-02-22,offline
TX-00823,GRC-003,10,78.00,780.00,2026-02-22,offline
TX-00824,GRC-004,12,35.00,420.00,2026-02-22,offline
TX-00825,CLT-001,10,299.00,2990.00,2026-02-22,offline
TX-00826,CLT-002,7,1199.00,8393.00,2026-02-22,offline
TX-00827,CLT-003,3,899.00,2697.00,2026-02-22,online
TX-00828,CLT-004,3,129.00,387.00,2026-02-22,offline
TX-00829,CLT-005,4,1499.00,5996.00,2026-02-22,offline
TX-00830,GRC-001,11,54.00,594.00,2026-02-23,online
TX-00831,GRC-002,7,320.00,2240.00,2026-02-23,online
TX-00832,GRC-003,8,78.00,624.00,2026-02-23,offline
TX-00833,GRC-004,13,35.00,455.00,2026-02-23,offline
TX-00834,CLT-001,4,299.00,1196.00,2026-02-23,online
TX-00835,CLT-002,8,1199.00,9592.00,2026-02-23,offline
TX-00836,CLT-003,3,899.00,2697.00,2026-02-23,online
TX-00837,CLT-004,3,129.00,387.00,2026-02-23,online
TX-00838,CLT-005,2,1499.00,2998.00,2026-02-23,online
TX-00839,GRC-001,12,54.00,648.00,2026-02-24,offline
TX-00840,GRC-002,7,320.00,2240.00,2026-02-24,offline
TX-00841,GRC-003,9,78.00,702.00,2026-02-24,offline
TX-00842,GRC-004,14,35.00,490.00,2026-02-24,offline
TX-00843,CLT-001,5,299.00,1495.00,2026-02-24,offline
TX-00844,CLT-002,8,1199.00,9592.00,2026-02-24,offline
TX-00845,CLT-003,2,899.00,1798.00,2026-02-24,online
TX-00846,CLT-004,3,129.00,387.00,2026-02-24,online
TX-00847,CLT-005,2,1499.00,2998.00,2026-02-24,online
TX-00848,GRC-001,14,54.00,756.00,2026-02-25,offline
TX-00849,GRC-002,7,320.00,2240.00,2026-02-25,offline
TX-00850,GRC-003,7,78.00,546.00,2026-02-25,offline
TX-00851,GRC-004,15,35.00,525.00,2026-02-25,offline
TX-00852,CLT-001,4,299.00,1196.00,2026-02-25,offline
TX-00853,CLT-002,8,1199.00,9592.00,2026-02-25,offline
TX-00854,CLT-003,3,899.00,2697.00,2026-02-25,offline
TX-00855,CLT-004,3,129.00,387.00,2026-02-25,online
TX-00856,CLT-005,2,1499.00,2998.00,2026-02-25,offline
TX-00857,GRC-001,12,54.00,648.00,2026-02-26,online
TX-00858,GRC-002,7,320.00,2240.00,2026-02-26,online
TX-00859,GRC-003,8,78.00,624.00,2026-02-26,online
TX-00860,GRC-004,60,35.00,2100.00,2026-02-26,offline
TX-00861,CLT-001,4,299.00,1196.00,2026-02-26,online
TX-00862,CLT-002,8,1199.00,9592.00,2026-02-26,online
TX-00863,CLT-003,3,899.00,2697.00,2026-02-26,offline
TX-00864,CLT-004,3,129.00,387.00,2026-02-26,offline
TX-00865,CLT-005,2,1499.00,2998.00,2026-02-26,online
